date,DJCI-GSNECI,DJCI-GSNECI-smth,DJCI-MSCI_W,DJCI-MSCI_W-smth,DJCI-GSCI,DJCI-GSCI-smth,DJCI-MSCI_EM,DJCI-MSCI_EM-smth,DJCI-SPX,DJCI-SPX-smth,DJCI-GSECI,DJCI-GSECI-smth
1986-03-01,,,,,,,,,,,,
1986-04-01,,,,,,,,,,,,
1986-05-01,,,,,,,,,,,,
1986-06-01,,,,,,,,,,,,
1986-07-01,,,,,,,,,,,,
1986-08-01,,,,,,,,,,,,
1986-09-01,,,,,,,,,,,,
1986-10-01,,,,,,,,,,,,
1986-11-01,,,,,,,,,,,,
1986-12-01,,,,,,,,,,,,
1987-01-01,,,,,,,,,,,,
1987-02-01,,,,,,,,,,,,
1987-03-01,,,,,,,,,,,,
1987-04-01,,,,,,,,,,,,
1987-05-01,,,,,,,,,,,,
1987-06-01,,,,,,,,,,,,
1987-07-01,,,,,,,,,,,,
1987-08-01,,,,,,,,,,,,
1987-09-01,,,,,,,,,,,,
1987-10-01,,,,,,,,,,,,
1987-11-01,,,,,,,,,,,,
1987-12-01,,,,,,,,,,,,
1988-01-01,,,,,,,,,,,,
1988-02-01,,,,,,,,,,,,
1988-03-01,,,,,,,,,,,,
1988-04-01,,,,,,,,,,,,
1988-05-01,,,,,,,,,,,,
1988-06-01,,,,,,,,,,,,
1988-07-01,,,,,,,,,,,,
1988-08-01,,,,,,,,,,,,
1988-09-01,,,,,,,,,,,,
1988-10-01,,,,,,,,,,,,
1988-11-01,,,,,,,,,,,,
1988-12-01,,,,,,,,,,,,
1989-01-01,,,,,,,,,,,,
1989-02-01,,,,,,,,,,,,
1989-03-01,,,,,,,,,,,,
1989-04-01,,,,,,,,,,,,
1989-05-01,,,,,,,,,,,,
1989-06-01,,,,,,,,,,,,
1989-07-01,,,,,,,,,,,,
1989-08-01,,,,,,,,,,,,
1989-09-01,,,,,,,,,,,,
1989-10-01,,,,,,,,,,,,
1989-11-01,,,,,,,,,,,,
1989-12-01,,,,,,,,,,,,
1990-01-01,,,,,,,,,,,,
1990-02-01,,,,,,,,,,,,
1990-03-01,,,,,,,,,,,,
1990-04-01,,,,,,,,,,,,
1990-05-01,,,,,,,,,,,,
1990-06-01,,,,,,,,,,,,
1990-07-01,,,,,,,,,,,,
1990-08-01,,,,,,,,,,,,
1990-09-01,,,,,,,,,,,,
1990-10-01,,,,,,,,,,,,
1990-11-01,,,,,,,,,,,,
1990-12-01,,,,,,,,,,,,
1991-01-01,,,,,,,,,,,,
1991-02-01,,,,,,,,,,,,
1991-03-01,,,,,,,,,,,,
1991-04-01,,,,,,,,,,,,
1991-05-01,,,,,,,,,,,,
1991-06-01,,,,,,,,,,,,
1991-07-01,,,,,,,,,,,,
1991-08-01,,,,,,,,,,,,
1991-09-01,,,,,,,,,,,,
1991-10-01,,,,,,,,,,,,
1991-11-01,,,,,,,,,,,,
1991-12-01,,,,,,,,,,,,
1992-01-01,,,,,,,,,,,,
1992-02-01,,,,,,,,,,,,
1992-03-01,,,,,,,,,,,,
1992-04-01,,,,,,,,,,,,
1992-05-01,,,,,,,,,,,,
1992-06-01,,,,,,,,,,,,
1992-07-01,,,,,,,,,,,,
1992-08-01,,,,,,,,,,,,
1992-09-01,,,,,,,,,,,,
1992-10-01,,,,,,,,,,,,
1992-11-01,,,,,,,,,,,,
1992-12-01,,,,,,,,,,,,
1993-01-01,,,,,,,,,,,,
1993-02-01,,,,,,,,,,,,
1993-03-01,,,,,,,,,,,,
1993-04-01,,,,,,,,,,,,
1993-05-01,,,,,,,,,,,,
1993-06-01,,,,,,,,,,,,
1993-07-01,,,,,,,,,,,,
1993-08-01,,,,,,,,,,,,
1993-09-01,,,,,,,,,,,,
1993-10-01,,,,,,,,,,,,
1993-11-01,,,,,,,,,,,,
1993-12-01,,,,,,,,,,,,
1994-01-01,,,,,,,,,,,,
1994-02-01,,,,,,,,,,,,
1994-03-01,,,,,,,,,,,,
1994-04-01,,,,,,,,,,,,
1994-05-01,,,,,,,,,,,,
1994-06-01,,,,,,,,,,,,
1994-07-01,,,,,,,,,,,,
1994-08-01,,,,,,,,,,,,
1994-09-01,,,,,,,,,,,,
1994-10-01,,,,,,,,,,,,
1994-11-01,,,,,,,,,,,,
1994-12-01,,,,,,,,,,,,
1995-01-01,,,,,,,,,,,,
1995-02-01,,,,,,,,,,,,
1995-03-01,,,,,,,,,,,,
1995-04-01,,,,,,,,,,,,
1995-05-01,,,,,,,,,,,,
1995-06-01,,,,,,,,,,,,
1995-07-01,,,,,,,,,,,,
1995-08-01,,,,,,,,,,,,
1995-09-01,,,,,,,,,,,,
1995-10-01,,,,,,,,,,,,
1995-11-01,,,,,,,,,,,,
1995-12-01,,,,,,,,,,,,
1996-01-01,,,,,,,,,,,,
1996-02-01,,,,,,,,,,,,
1996-03-01,,,,,,,,,,,,
1996-04-01,,,,,,,,,,,,
1996-05-01,,,,,,,,,,,,
1996-06-01,,,,,,,,,,,,
1996-07-01,,,,,,,,,,,,
1996-08-01,,,,,,,,,,,,
1996-09-01,,,,,,,,,,,,
1996-10-01,,,,,,,,,,,,
1996-11-01,,,,,,,,,,,,
1996-12-01,,,,,,,,,,,,
1997-01-01,,,,,,,,,,,,
1997-02-01,,,,,,,,,,,,
1997-03-01,,,,,,,,,,,,
1997-04-01,,,,,,,,,,,,
1997-05-01,,,,,,,,,,,,
1997-06-01,,,,,,,,,,,,
1997-07-01,,,,,,,,,,,,
1997-08-01,,,,,,,,,,,,
1997-09-01,,,,,,,,,,,,
1997-10-01,,,,,,,,,,,,
1997-11-01,,,,,,,,,,,,
1997-12-01,,,,,,,,,,,,
1998-01-01,,,,,,,,,,,,
1998-02-01,,,,,,,,,,,,
1998-03-01,,,,,,,,,,,,
1998-04-01,,,,,,,,,,,,
1998-05-01,,,,,,,,,,,,
1998-06-01,,,,,,,,,,,,
1998-07-01,,,,,,,,,,,,
1998-08-01,,,,,,,,,,,,
1998-09-01,,,,,,,,,,,,
1998-10-01,,,,,,,,,,,,
1998-11-01,,,,,,,,,,,,
1998-12-01,,,,,,,,,,,,
1999-01-01,,,,,,,,,,,,
1999-02-01,,,,,,,,,,,,
1999-03-01,,,,,,,,,,,,
1999-04-01,1.0353211140490244,0.7424666793098351,0.9760365049179859,0.4036893647319085,1.8680220116681938,2.0127298995795293,1.667233053943095,0.9209281160321897,0.23178485763068502,0.026726232560963587,1.9329912337146031,2.1568748699319062
1999-05-01,0.04341109772816237,0.030550474831830345,0.7135455115288549,0.29733248943312734,0.3178544818689481,0.33602090645467164,1.1286848806985204,0.7601201628105119,0.6347598460501948,0.06818307283523428,0.2913609925873949,0.3204547518033301
1999-06-01,-0.7329098594458037,-0.47730182575396546,-1.1562283290166198,-0.5186957620787916,-0.5485478208650777,-0.5508537892668668,-0.07238933138312525,-0.046277915470369725,-0.2649370234711199,-0.01986073648629039,-0.4580760548590667,-0.48001332112940115
1999-07-01,0.29086929776267756,0.17442386580142274,1.2451988680048882,0.5664324914494653,1.0173509270974428,1.0022110297258973,1.2432596399791689,0.8147493140582933,-0.23075683049472645,-0.02890885922074617,0.9425734646482743,0.9578971610245105
1999-08-01,-0.35512494756637736,-0.22597204351706332,-0.45333715428763754,-0.21147400204566497,0.4899711246490535,0.49120255260630286,-0.4387185199609187,-0.30055915312466036,0.3320961429125039,0.03534856937193615,0.47943012905130894,0.4967744163983399
1999-09-01,1.4184265947514023,1.2252935971719645,-0.06437592945221804,-0.02864460716131788,0.8380102251154574,0.8189291995696527,0.12917311513633528,0.08217000629434128,0.059507398286168474,-0.03264896418951758,0.5041895851432295,0.49847376094520457
1999-10-01,0.32642321497929955,0.26888228824197674,-0.28078042610023757,-0.13034027557717484,0.5568266946595165,0.5315486622134725,-0.33903139625163037,-0.23792270615297642,0.02867563707477553,-0.008763125341473318,0.4341253711240504,0.4167277043949877
1999-11-01,-0.5841115432701949,-0.4766295783776494,0.5337016764716583,0.4035299426811385,-0.6608214394448942,-0.6351171710393949,0.013434667325391532,0.009143513111841582,0.013139737582949422,-0.01861626419348407,-0.4908048456913652,-0.4656743628626827
1999-12-01,0.29012084930712706,0.23192413273032325,0.21452491580842203,0.1527375769937236,0.7725284548622995,0.784502404016469,0.6941602791455759,0.5093091151389784,0.10484567370361922,0.05592433945787596,0.7040551560440758,0.6965778106899216
2000-01-01,0.07214043547767526,0.056053283332901854,0.5435795010988219,0.3255025757569494,0.3661164004541435,0.3584788761205531,0.7771711616825867,0.5279476413996417,0.05045776602501898,0.014298793283366964,0.342227600561144,0.32523639914592
2000-02-01,0.8607263635948528,0.6511255893070882,-0.3236663221065782,-0.39412450880263455,0.8136281749506026,0.7825208220718353,-0.1631018899388882,-0.11391949378185201,-0.016909907445055394,-0.018829994339644662,0.7617386464829402,0.7038733348604949
2000-03-01,-0.8561588912823762,-0.8404826906974737,-0.06745008197136027,-0.0853555629779493,0.44394141017637,0.43958845787635786,-0.05073551203895518,-0.03410464088332552,-0.010516714341449148,-0.04462605867757017,0.557084943392063,0.5419976961560015
2000-04-01,0.8333389856120799,1.0287607786080166,0.26732804751828265,0.3494875134407959,-0.6672892407092064,-0.7729635838215929,-0.056889984073458265,-0.03698941155596685,0.03864459409977874,0.03374035493439307,-0.7439717149607011,-0.9082971353601882
2000-05-01,-0.2791280412085387,-0.3391734776727693,-0.37597475759128157,-0.4343950562616736,-0.44908469135785734,-0.5187734891966523,-0.8262258809697514,-0.6038519804730714,0.003826971660018407,0.004685166344666492,-0.39489720418155616,-0.47953751348342827
2000-06-01,0.010181984774242404,0.012459834569890362,-0.08095304364944526,-0.19290239800445097,1.342882422814591,1.3733444877026397,-0.19608025845530483,-0.21028366212875974,0.38745329968833014,-0.047318515115082824,1.2801876890564952,1.3418377498998477
2000-07-01,-0.21452903644522658,-0.3025193957261761,0.11810341264523733,0.20432294147011867,0.7443426328754559,0.7483065561567275,0.14923228932203042,0.1411589851226193,-0.1176356497249396,0.039633115259020704,0.7157230826666292,0.7358477364934081
2000-08-01,-0.3196311705328747,-0.40282594549678497,-0.27023241195821734,-0.31244470271410335,-1.170977217119638,-1.1762793343632911,-0.4050934750053772,-0.29595478129910324,-0.00568675519773827,0.0026066978549172037,-1.0949944060801482,-1.1113482817623406
2000-09-01,0.5252117076407443,0.5182123054374397,0.30471449430857206,0.2349254749404698,1.8053843317596951,1.6936521760252536,0.04696612173711654,0.031059526701837092,-0.013086862522091326,0.008725926132453493,1.7256735697039647,1.6057276948435584
2000-10-01,-0.02151097309682367,-0.021200338787472232,-0.43148601323865027,-0.3680906614946007,-0.5486328939031468,-0.5250817620470906,-0.4942458636628097,-0.38073369683439023,0.08199821269980063,-0.07009379408815221,-0.5255143388093962,-0.4977117719679891
2000-11-01,-0.7950487951466674,-0.8264110809823461,-0.28158115141729767,-0.22204020258223267,0.002700962429143408,0.002570638929839401,-0.5219945039079912,-0.3792911838009747,-0.020390613385619982,-0.3157550279261103,0.12134137179345798,0.11534749509043311
2000-12-01,1.150045997979612,1.052246055734907,-0.1086458227484731,-0.5059143598946214,1.359922060390072,1.2309634370811535,-0.1475746510210117,-0.36634795238825907,0.11271609112970893,-0.15377713853159775,1.2270227945953358,1.088327970399154
2001-01-01,0.18525653196363523,0.1707802979291861,-0.022314866204354217,-0.1021382588441348,-0.8523804574567732,-0.809926577271099,-0.031164643406807847,-0.07841905738517842,0.09827011329924026,-0.2506057075425899,-0.9715879000607118,-0.9327235908476229
2001-02-01,-0.6686436951385698,-0.6261928658737889,0.01111617208682753,0.06367150967835486,-1.387197381787082,-1.628687042541599,0.045296745227876675,0.3529790742212325,0.022483485568692237,-0.0884412674963391,-1.2988449243447053,-1.5073154065501873
2001-03-01,-0.0003464216591048396,-0.00032254961284224976,-0.21306523350304865,-0.7218115238226577,-0.45353870183831846,-0.5444273105025647,-0.08676055039118699,-0.3553483439605559,0.016284543527083382,-0.21181075426001736,-0.5293707928376404,-0.6317174399135123
2001-04-01,-1.4684591232904871,-1.3465136143911238,-0.41794720838058075,-0.6515898670201832,-1.0633838045119328,-1.2107927039300908,-0.3323964573965684,-0.4826293955679975,-0.4628899629686549,-0.6266624070922944,-0.6528530308264833,-0.7250873974758594
2001-05-01,0.4481693926088054,0.388664745691844,0.23593007444244862,0.3212614871677483,0.6998627893908456,0.7791924339040274,0.010963640653679557,0.016234846368760724,-0.05856273631831986,-0.09513189743643866,0.6121029499801696,0.6569728901370188
2001-06-01,-0.16557132632874896,-0.1398572210855405,-0.10873635337594496,-0.14672745954884692,-0.4393793673318778,-0.491773197547919,0.029919308469257718,0.04745416419907692,0.12394841468979514,0.3163317726069865,-0.4477885771640303,-0.480505402005619
2001-07-01,0.2469161168280801,0.22479619530555056,-0.22649188393070754,-0.2564727290558571,-1.3117042429730164,-1.408608288445163,-0.061849125780383915,-0.08714364368508448,-0.18724296396552476,-0.2762997157274241,-1.487206797656282,-1.5664046304763077
2001-08-01,0.11906362412361234,0.10912593893189644,-0.2659528122716705,-0.29684117393308557,-0.05176168445455259,-0.05595205142875798,-0.2756484237471176,-0.37451626056997994,-0.1955120388477831,-0.277549391906358,-0.0888388821120796,-0.09382774744379196
2001-09-01,-0.12904629339063714,-0.11627878551025385,-0.3740023243800036,-0.4157046130384597,-0.06493437260689389,-0.07056323988639587,-0.014875100920569347,-0.020529412698470632,-0.14357827450978533,-0.19749115866254235,-0.02024281590095955,-0.021488653167937338
2001-10-01,-1.6956315333040384,-1.15626934408992,-1.1650147149376984,-0.7983965596921666,-2.415712516967369,-2.479461248631061,-1.1439386098952227,-0.7433813265667957,-1.2818739059293827,-0.8233046517938747,-2.2242776257885413,-2.1085907130188946
2001-11-01,-0.5671666302431535,-0.3549942297649449,0.044705335265804884,0.029342166803601362,-0.7053228304828747,-0.706411722384898,0.2535224271357179,0.1724186711814149,0.2686880980231918,0.1777158896544797,-0.6769851889127788,-0.6170781347040015
2001-12-01,1.2048933392470282,0.8389589314978978,0.5524516558757784,0.35551560989027814,-0.4612501004087233,-0.4778584751867272,0.6161544805990062,0.43195507157515667,0.21981217136303907,0.13553984274988373,-1.049714686751129,-1.1227035154051814
2002-01-01,-0.9546139445957184,-0.6564803026679871,-0.2871850610942321,-0.1696049876293045,-0.003865214968792155,-0.004022020204872199,0.3223022059715544,0.2538835111033616,-0.12518979155693657,-0.06997713322065954,0.1271783329324661,0.1393607613012052
2002-02-01,0.10144373976259635,0.06707825323798848,-0.5227985502353591,-0.28532374647967873,-0.28532204232583913,-0.2947955742437463,0.06791105771742754,0.053441692930514276,-0.3023342060631006,-0.1501993026332303,-0.26854096727769117,-0.2932258623969168
2002-03-01,-0.39186869417701364,-0.2630381074587243,-0.29885147737632445,-0.16134750685944288,0.9040718544328245,0.9843286335112971,-0.009662254381142973,-0.0074362981705822446,-0.4942585859865458,-0.2951707920193502,0.8531392931324913,0.9890164818695135
2002-04-01,0.024562357541965653,0.01553497304791842,0.40036199921434584,0.16229031280622983,2.2719044851221004,2.1527033838080563,0.40883636442834137,0.2085939987630812,0.36266436224060267,0.1444179244992621,2.069169660192295,1.9762871692644952
2002-05-01,-1.1127288236055572,-0.8505635324456275,-0.8908167533433471,-0.3530752357109762,-0.044008814611978586,-0.041293064811936044,-0.24584711074818938,-0.11399389084954921,-0.5980589738435689,-0.21229266258607218,0.1410820074207251,0.13471242740108916
2002-06-01,0.6593070895730786,0.6496030855773679,-0.01447602243101004,-0.004946109571459374,-0.711867701525896,-0.6757600219363621,-0.16902727887479846,-0.0703521041927437,-0.5086334069191101,-0.15106056761363384,-0.7938376108346806,-0.7794366976449549
2002-07-01,0.8337587776615741,0.8262117345546021,-0.5893250381482954,-0.23767372061795602,0.8612941798570678,0.8156446927527171,-0.5024458180197983,-0.2999516425488984,-0.509171689200257,-0.21235431818893175,0.4841246409577294,0.4655161616842968
2002-08-01,0.4237135621993256,0.49676990493040396,-0.8151491502674041,-0.3597769570035559,0.04791246071321369,0.0451705843262661,-0.5540061287222343,-0.3421859554127839,-0.6263653379632792,-0.2762377438508213,-0.13424861216829195,-0.12797528997836347
2002-09-01,0.4448204561489653,0.4509976006757716,0.059549969456427355,0.02143440058769516,0.9639272849820697,0.8722065051442296,0.14270892915137237,0.0739112896667528,0.03445412891967503,0.011274738164805264,0.7110370154741041,0.6403593981844151
2002-10-01,0.5584795576439805,0.5340501727410906,-0.359920681130719,-0.2564852059879444,0.8937410664062627,0.8043176919932482,-0.3024539649517455,-0.3497115745596716,-0.1815248722683833,-0.06386063067754262,0.6264030257913606,0.5487718214114241
2002-11-01,0.4741717576666267,0.5235791816759733,0.1480746482309422,0.11841208282763777,-0.7515798440039624,-0.7039293550257693,0.10849121170153536,0.14563270806384498,-0.07221265638354463,-0.01826528931142321,-0.7716532433110149,-0.7108107074567447
2002-12-01,0.18817256580695632,0.2074942886729865,0.09971841192037671,0.07119786215339607,0.2469471095394362,0.22913967230538312,0.1709107320974117,0.21221336174291822,0.14453861983861516,0.02119822485391701,0.21012379159820962,0.19128722697675649
2003-01-01,-0.37529422167873455,-0.5505124638536542,-0.10281576879318785,-0.1958006140245842,0.9702841626008665,0.9580399271337269,-0.10797921618619717,-0.2716892439761565,-0.11527775318626249,-0.007494413779208514,1.1033321653031287,1.1298849171892942
2003-02-01,0.22784725740562717,0.2875036237956727,0.06183528938730016,-0.12322070952845808,0.9676607618536984,0.9020800798116937,-0.0025199496429769534,-0.13041105588752225,-0.02026694638937619,0.003649674573338829,0.8412408802090054,0.8022515397468527
2003-03-01,-0.2846225782333558,-0.44182381529156833,0.06493418491392795,-0.10983127385718276,1.0074713691533865,1.0186760144506395,0.03424552812533533,-0.23932626364496612,0.11103313762967856,0.02115614291165763,0.9957131187089625,1.0461101327883509
2003-04-01,-0.3599698751766471,-0.42033251796394727,0.010440977217024965,-0.04385127569246242,-1.973082386814199,-2.1312243060180593,-0.08465446681109723,-0.22082731235009462,-0.006356798538173848,-0.0003276696036462812,-1.7879144717232183,-1.8960752126619835
2003-05-01,0.08749585715376194,0.1072522465793693,-0.17038379093859873,0.30648306115098545,-0.9642251502735586,-1.1051271543423755,0.02274520088649536,0.4043877596967833,-0.13119514260873638,0.005535236277391088,-0.9866178844920608,-1.1180354037619853
2003-06-01,0.7374572128974832,0.6741970911985148,0.11976281396357853,0.30098028258771,1.169267106591409,1.2558367496087135,0.34006614388117246,0.48213598598753465,0.07063002468484549,0.022325076143979012,0.9760871755476118,1.0190597611140497
2003-07-01,-0.45447852258979904,-0.41198769052740436,0.028701644477614197,0.09454700357557905,-0.049904733848747156,-0.0540465357883335,0.18658083135189682,0.3872961234434522,0.016324161355311794,0.016312222668389477,0.02226620780499046,0.023422461427461468
2003-08-01,0.5363528857517564,0.4773112762577404,0.0017357857292607665,0.006078436705934872,0.0010098926283320943,0.0011048053668178744,0.19909034068572568,0.3604707745574514,-0.0005349769566069919,-0.0031338271874638275,-0.1449264766379695,-0.1557884709789294
2003-09-01,0.8042513102999961,0.7530567369593368,0.06228523830765616,0.16449008439676455,0.3038488557988569,0.33172915681297815,0.3357541311584808,0.5460289491713476,0.0021445486503855033,-0.0032916726098666947,0.11032737725558397,0.11854243942022588
2003-10-01,0.06023523526391074,0.0563276604132605,0.0160198430493709,0.04688340893747469,-0.5676034101930411,-0.6436700915787159,0.03392741705145282,0.058832094466562096,-0.025262005296581375,0.015050078674787538,-0.5781440932299072,-0.6482097424587693
2003-11-01,1.0584042127387077,0.8880110033436895,0.30711750692092843,0.38206689736374505,0.374131935701919,0.40540193896090937,0.5406622277224941,0.6366543127530342,0.022126893267982645,0.011417174688726462,0.1269473311805393,0.1397178509912327
2003-12-01,0.0601700138137323,0.048946796162431215,-0.0022142754780606413,-0.0028128307602130853,0.5485814029059805,0.5984046796979189,0.05356753327360623,0.06306793880477278,-0.007165454762935302,-0.005804884790443089,0.5370830118978677,0.5948698561173292
2004-01-01,-0.3343626547825261,-0.36530985953296347,0.7541764491234355,0.5330823764120032,1.0668076184475273,1.0458899180966328,0.43517746982557026,0.38665710218127886,0.05777398754250536,0.009235205195228463,1.1546573192836007,1.1325759678027751
2004-02-01,0.34662150896342603,0.37824422300047195,0.12325499419418012,0.08196262803659192,-0.016593447373281563,-0.01625138810443183,0.13028928385020158,0.11247793738439167,0.199402700052191,0.014384920009789042,-0.16223518091787031,-0.1609603101793189
2004-03-01,0.791070728867021,0.6876243886752672,0.08091062717688684,0.0484321029331042,1.1744680177917795,1.0837174348405039,0.3606999101184816,0.26165263621888346,-0.024854046504723337,0.0004155530639442918,0.7968471903426433,0.7252329570747739
2004-04-01,0.519151584202743,0.4269138918617157,-0.26366384608518556,-0.17602893531404262,-0.11633032549535512,-0.10779841713917732,-0.022179134643017913,-0.01561489736354219,-0.014516905271169826,0.012975785148205896,-0.29190177076894097,-0.2753937889842131
2004-05-01,-0.6441374272126575,-0.5094154991008265,-0.6919791445682427,-0.4348886423170005,0.04041838087992278,0.0373488525997455,-1.088081890686735,-0.9094037534156734,-0.006097119599444016,0.0028657991317603427,0.2197451581526873,0.21355534110721808
2004-06-01,0.04888568243317923,0.036974675417635786,0.05745349682052051,0.03271047411352184,0.9542491789877046,0.8503383185031255,-0.20141983756811743,-0.18759853192278103,0.21892338926899005,0.026348570885814503,0.8018863665206417,0.7382470651668636
2004-07-01,-0.6924994940974828,-0.5029168522042589,0.27893884908392397,0.18572260195291376,-0.8487913567983717,-0.7582625167381064,0.03644062472961446,0.0341910665020116,-0.1453606584361729,-0.0039395315121126305,-0.5935515340973815,-0.5356947579167614
2004-08-01,-0.5434181961672749,-0.5145054062161931,-0.2754166322177895,-0.3623292482590991,1.2859900032945943,1.278972624158219,-0.21575600990513316,-0.23625148161967638,0.3001637665481495,-0.014992232096185817,1.292536172385911,1.350913742198433
2004-09-01,0.16950698651622315,0.17077981915889076,0.02982631844789694,0.04298264627803444,-0.7795539192341653,-0.7957736484628993,0.23962952044307945,0.34488901502941527,0.14148201188023318,-0.02755059520126732,-0.7193052989441457,-0.7720636320271301
2004-10-01,-0.020042160369432346,-0.02089176338347221,0.13109766590579064,0.11089834076632582,2.254402199426859,2.1425889146128947,0.5194252440389185,0.4090165910841524,0.011056620963711588,0.046845546378679534,2.0507740772774956,1.9331011863715686
2004-11-01,-0.2709773952290148,-0.3332790282990349,0.1550135263057166,0.12308401522004975,0.9208874335150569,0.9118267547844292,0.07252006086910368,0.054994287707226995,-0.0012087296986925881,-0.0099151487191264,0.9120659459409157,0.8992617982846192
2004-12-01,0.2233161106842591,0.2923733028161663,0.37140529821143087,0.37498536934329724,-0.3474862617056873,-0.3484426768788649,0.6755011127574944,0.7040614842114459,0.014833737045181006,0.09281571009603816,-0.3084844684846582,-0.30738362266262603
2005-01-01,0.08512414348498656,0.12718750018252611,0.12269678193109447,0.2220219794361891,-1.0512113723933916,-1.0777299768973418,0.10554308375087229,0.1208832075869016,-0.04293426907706637,0.05624515482276846,-1.06234448125719,-1.086418203933673
2005-02-01,-0.25713120580026233,-0.5308929880168248,-0.10614678981745647,-0.30977997123310197,0.7816680602903807,0.8516200736734272,-0.12391297740866546,-0.15063875766606277,0.10985092074820901,-0.12621032536892182,0.866145382462698,0.9669401313611797
2005-03-01,0.8112991769621077,0.9672868614559854,0.13475005387146413,0.1902539819596299,0.7385811065957629,0.7556872849888775,0.5444213492598318,0.4703649090388766,-0.0038751114550621777,0.006016018360938307,0.48359031221100157,0.5089730186803695
2005-04-01,-0.06471728163211639,-0.08301244098404062,-0.009404105198648652,-0.35671659263462063,0.623523586567018,0.6103813617436289,-0.2940182254915929,-0.5685065040880599,0.14363959076660895,-0.10167420356911526,0.5855066533622414,0.5871144430463022
2005-05-01,-0.2612614729673568,-0.2829637509759757,-0.3111237239765931,-0.44985249710995767,-1.342324646852753,-1.2514259394616218,-0.31382948477352435,-0.39088545358274807,-0.14490010260078032,-0.23177983075543238,-1.231263736736348,-1.1566956685321503
2005-06-01,-0.04954460089906006,-0.05385261346265565,0.11247036186816979,0.1847732468019154,0.24887070880396897,0.23288138187253424,0.17558890492800105,0.2407046152084485,0.025471001456245645,0.045825687687159535,0.16247433735231376,0.15260312043431384
2005-07-01,-0.06259221442796219,-0.06963277845274102,0.024304042115347813,0.04078227241995841,0.8679524221926084,0.8508549632260007,0.1516742815686833,0.20589143002064034,0.04245992304594376,0.06778441685967761,0.8036985485174484,0.7864633786570795
2005-08-01,0.36425789215636517,0.36631345734656623,0.21357648582530012,0.2798719015509941,0.7181720832707235,0.689024481309391,0.3426448798212488,0.3983174323284698,0.045726605823164256,0.05637857596122651,0.5675488450276917,0.5385222810413894
2005-09-01,-0.2938655589525696,-0.46574658656863577,-0.024373696805954963,-0.0346138454964356,1.5668556790683814,1.6074501109024188,0.010117570908884772,0.01180498125088421,-0.02588209722194163,-0.09775447574592534,1.531169277425629,1.5465053215728572
2005-10-01,0.35947229067560416,0.5326019923374072,0.26446780795876124,0.3316133167975433,-0.06080879458690966,-0.06290167421876591,0.6087855503469078,0.7169427522750592,-0.0032193032093645693,-0.015124742977884392,-0.13045071911521344,-0.13367123885645488
2005-11-01,-0.00030714529862874363,-0.00046808427814796783,-0.3579297276292696,-0.3681638513726252,-1.0072850916281217,-1.058883916685947,-0.5802891187602406,-0.6158620228297494,-0.17574657729458862,-0.21680360628481146,-0.892972901669697,-0.9141300808470073
2005-12-01,0.525820527676982,0.785468824695554,0.40776750970048087,0.3911133003443466,0.037672229012803135,0.03970303006064217,0.6253116602003523,0.6698912942024174,0.32739048891413375,0.29991925166839906,0.0068280090975215155,0.007003258748805789
2006-01-01,0.6129443096233528,0.8085167578005599,0.05878358958766987,0.053887110517747604,0.556872105294936,0.5695155320547877,0.19554132902250537,0.19674159094603408,0.04509961635413726,0.03743091229345852,0.35509479301361635,0.3524219904685075
2006-02-01,0.7720036759677983,0.8700208385478375,0.8890124056488622,0.6447475220664778,0.9326013859656012,0.9072417170413777,0.8887185567673205,0.7675910996498354,0.06332637342580341,0.044772657389366116,0.7741606680545753,0.719570153769005
2006-03-01,-0.13032492664211365,-0.14066850251314217,-0.306894540652383,-0.18846521206158143,-1.5227556677210077,-1.4878712243623131,-0.17918222959095895,-0.1417642988348516,-0.27233258813454997,-0.13164362065010088,-1.5724865943006454,-1.4805576886160643
2006-04-01,-0.10591110488725156,-0.11826711831804396,0.18398158225517186,0.10284628304595472,0.6482210358671138,0.6343986365346308,-0.10096861995197601,-0.07910110163904963,-0.00901922138278993,-0.003995576708814708,0.7137140076549113,0.6745839081224487
2006-05-01,1.4938036001003,1.5535610321964188,0.324774781173915,0.1478514904194904,0.8719570150936239,0.790668195118482,0.4629839974742826,0.3021136762562143,-0.06851955755744546,-0.031625729349518066,0.5184131872118536,0.4545176781349721
2006-06-01,0.7452690386109313,0.801779763769469,-0.6702252976351862,-0.4671975677621114,0.17524133672077064,0.1559603567306537,-0.7090478363755787,-0.7853449188980897,-0.20168438725768478,-0.12547128896986812,-0.0961679423638765,-0.0837765612251573
2006-07-01,0.017764104259508987,0.019345211702723346,-0.0722663787042509,-0.04716300944131195,0.3850452808415375,0.3506411092504706,-0.04625112402858832,-0.05138105840724111,-0.4266444223497346,-0.27821567725858887,0.35315842804746733,0.31446809429042916
2006-08-01,0.3034025476222179,0.3253212644957098,-0.071101249240674,-0.045583020126650296,0.5075981346421126,0.45425091992796357,-0.004517087667526449,-0.005087686212277154,-0.009927524524123203,-0.006179533807961178,0.40050418762732803,0.34787645281820745
2006-09-01,0.08223883771762232,0.09041634088178568,0.3008628874044497,0.3298053073615968,-1.0916030859299382,-1.0432445482405286,0.19747878153981244,0.26928443876104813,0.1206159612709339,0.1641123253458599,-1.1056034341273184,-1.0413645136985985
2006-10-01,-0.05549631041105649,-0.06045141508701016,0.0807991625776465,0.16753803545611906,-1.3354958087169853,-1.3217463502993578,0.06171508017625804,0.09639065080778557,-0.11163717863255013,0.18704031828650972,-1.3376040292472289,-1.3119000589115473
2006-11-01,0.9885951758787032,1.1804780225537346,0.25619218690047296,0.3283232358304927,0.12042870274609202,0.11780446191669733,0.18569705212260532,0.25884344082139954,0.07872748750689794,0.26840014362475423,-0.14662539310804767,-0.146592631626168
2006-12-01,0.5782168237577119,0.6453568630454599,0.14093247009982246,0.14178954013511727,1.3523665679796775,1.3904611332660197,0.5046553907196774,0.5513370591375671,0.02077832928366277,0.04840904383085408,1.2641813300863622,1.3103385169331598
2007-01-01,-0.47041354942836805,-0.47930409280484987,0.040915653272889235,0.04694340348923698,-1.044022773412226,-1.0263078226455358,0.10907450596850106,0.1385672456406171,0.006670326797254226,0.02155416710306178,-0.9623408137555179,-0.9413697896146088
2007-02-01,-0.5972426951136229,-0.5944632960672326,0.02593229170189565,0.03196406757423141,-0.236089097662873,-0.22795967877409706,-0.2543294085066501,-0.2937132429037262,-0.029518021220284664,-0.06798798621750572,-0.08876178018502158,-0.08584206708329518
2007-03-01,0.6347042038392149,0.6304992931752784,-0.099463424502369,-0.1999119501396408,0.6365070895827253,0.6117984677019737,-0.16591708703442629,-0.22211238279171513,-0.009682637373847017,-0.026795045605743008,0.43415990268808496,0.41253446907347785
2007-04-01,-0.36246805696546247,-0.3789803315647939,0.026296314522813013,0.05322460668678372,0.3663966012953837,0.35373424828065625,0.1522329269872229,0.20621263350855154,-0.042777625659792484,-0.29769308599393945,0.4831825477655763,0.46723057871879553
2007-05-01,0.42312260669996543,0.45986040069237405,0.11619046002366136,0.23843961147235027,-0.17035174307295256,-0.16527587960688128,0.10008069688060607,0.13757208069958302,0.03648750869600831,0.20603831365106065,-0.2912835843011964,-0.2874300144807424
2007-06-01,0.26749397181127316,0.30045752648047075,0.1066266376111397,0.2606801630957216,0.026468218585508237,0.02561715465396099,0.27980319846157387,0.44606093952228787,0.02803721894585413,0.19464265873021386,-0.1027853090110805,-0.10146235840122739
2007-07-01,0.15643154501396306,0.17904584602928822,-0.03777017207000597,-0.09801361284414623,0.6548611195770561,0.692079083367194,0.24248103810414978,0.4435088902554893,-0.01057551915225656,-0.07985152163668244,0.5868931802480191,0.6309943678598051
2007-08-01,0.7828478671960382,0.8708317652539107,0.04017000620774369,-0.3767416273233359,0.9048992880842105,0.957274812766885,0.29051456761843797,0.43427552450927004,-0.0009788137301920009,-0.008813886531965763,0.6891518285698618,0.7167676413079869
2007-09-01,-0.08500960661119808,-0.09345707207402042,0.0014440484744975225,-0.018132213870097485,-0.7627007819694291,-0.794687220283053,-0.1417287627459041,-0.1960159887833273,-0.275480740455111,-0.5166235243508523,-0.7454375403735575,-0.7582644795733828
2007-10-01,1.8406122587790936,1.6743944886161075,0.6570613094855556,0.6661438540642753,1.650060579066445,1.4785461342002832,1.3728464424428544,1.1346983188039195,0.3182659543262573,0.29467873943710293,1.2807868412464054,1.0666254041746044
2007-11-01,-0.8540946920463826,-0.9740903121386405,0.2463070796604376,0.2383658456706875,1.4128105320375026,1.5050079786068884,0.9951789793716075,0.916519353421229,0.2503248024699287,0.2180197903188805,1.5249663324262719,1.6956337782150215
2007-12-01,-0.16984245704913067,-0.1925320581311571,-0.7982218514320625,-0.7703969495287263,-0.3638276379127831,-0.3825863438453636,-0.844145226085181,-0.7767110531325796,-0.841973273378844,-0.746252348487869,-0.27255377650486723,-0.30004903033367825
2008-01-01,0.08391388283640501,0.09608491096518038,-0.27506847248300037,-0.29431360893729896,0.43021516180533603,0.4586790802332746,-0.2807981893227751,-0.26693394447426305,-0.12862107490195174,-0.11601602619502187,0.3852677459942694,0.4313634941787882
2008-02-01,0.39490143485614326,0.4694621451709862,-0.39856969450894336,-0.5554127783939682,0.05058693904249544,0.054248750577097646,-0.6939221273762977,-0.8669097057414026,-0.416645705856857,-0.48743959239869167,-0.07464585355099977,-0.08490976618238061
2008-03-01,0.8230909841762342,0.9660211391122056,-0.10144076843067559,-0.17274537993202302,0.7495467416940916,0.7889238736297243,0.22152823589085172,0.2651513511953888,-0.1487778238995302,-0.2410898195319133,0.5327310843441835,0.5857806215348702
2008-04-01,-0.6305713390961597,-0.7649565120513109,-0.12219971879142985,-0.201443298853246,-0.3998651333487108,-0.4192835768017115,-0.36498726455403635,-0.43394429038796806,-0.190623728641812,-0.28550607693145874,-0.20287658558505164,-0.22197808711895908
2008-05-01,-0.18211529035172544,-0.2264626807317765,0.03422632037422415,0.059236073867709224,0.22837556217752253,0.24348152560438574,0.1332937809719101,0.16354037302834198,0.05594296656562789,0.08838964407866004,0.30387411551106125,0.3440248332742241
2008-06-01,-0.02898889664482065,-0.036825570683624145,0.0037776462818101615,0.006804268014535102,0.7037896040015065,0.8186666606939027,0.04758291417651153,0.05933778352312881,-0.01069370472914194,-0.017643565501278335,0.6635194917407223,0.8321832776647534
2008-07-01,0.8517339961798077,1.1344360472099173,-0.12683618310297895,-0.672426240589891,0.6742080584724508,0.784499772068162,-0.3467691697999203,-0.6454570567491112,-0.11742685201333172,-0.4524446007875004,0.47236543286319044,0.581504176469613
2008-08-01,-0.29556909748522486,-0.3786015020725223,-0.11799242816336047,-0.36186118762340613,-0.7809503205935608,-0.8763961826743263,-0.21443110152379524,-0.3523889904548262,-0.26022396792968433,-0.5009995536444904,-0.7624901457842009,-0.8960904546192924
2008-09-01,-0.33287343751005055,-0.41773250844846327,-0.014582099841515652,-0.045632110723120595,-0.5935375109607335,-0.6578333900124042,-0.29646437071908766,-0.45249876616798734,0.05681516463555924,0.13263923199484215,-0.540765702212193,-0.6246421317428344
2008-10-01,-0.9338291420994318,-1.1036293773135017,-0.622610837993458,-1.0901811115260447,-1.0073499577564333,-1.0751106355612938,-0.8843240075319312,-1.1551912746120907,-0.1999639308289283,-0.33128458748623874,-0.8614144142408785,-0.9381637645921128
2008-11-01,-1.8658918020199888,-1.879566822602778,-1.7737079678102428,-1.9937102518267789,-2.1410604216491955,-2.109951174441832,-1.955722501999939,-2.0398249930912375,-1.753672347711202,-1.5414731913174617,-2.005348804165067,-1.9351941410509632
2008-12-01,-0.5435654777813408,-0.5374862876627757,-0.7399421983245243,-0.8365488555477074,-0.8197530739738214,-0.8031224751731567,-0.5239225964554489,-0.536742369977462,-1.0032533351523762,-0.884484136003889,-0.8647437848160759,-0.8301903288021188
2009-01-01,0.2884068119746899,0.2971547971291283,-0.04164101992352818,-0.04783100773380424,-1.2673082003121692,-1.3082950652491496,0.24946004564846175,0.269364740176598,-0.3543581692395077,-0.2921614425344857,-1.3820517473126945,-1.4395602667129357
2009-02-01,-0.6384219663157333,-0.635663781626167,-0.8587220064305893,-0.9669620555430254,-0.415406412821729,-0.41873038213695585,-0.7686323557241076,-0.802928720228615,-0.4049571896868898,-0.30288999290132035,-0.32221314157214054,-0.32846898951969555
2009-03-01,-0.7342476805447211,-0.7027995997642592,-1.0380927411289764,-1.1650971446675233,-0.07436783020732537,-0.07438197261670375,-0.6301026942976156,-0.6261916348060307,-0.9810629126825081,-0.6721459803020114,0.04670386080575111,0.048051392748168095
2009-04-01,1.062260188187886,1.046142175402986,0.5265527924033954,0.5833088114790015,0.5502536704816594,0.5400192572977855,1.0358480940311943,1.0695001923422764,-0.6242033218819006,-0.5382994707750949,0.3593169411505045,0.3623584091203022
2009-05-01,0.44148667112216183,0.45130985973209004,0.559423850141594,0.6947985919741989,-0.09061535067670912,-0.08867989911212455,0.8259759995105201,1.054571840323776,0.6131552819641516,0.6915216230250639,-0.1995705986592785,-0.201611644298994
2009-06-01,2.204775559165106,1.9654464813983967,0.8318126963773259,0.8053110276094158,2.7443836300843407,2.7302029077196948,1.4597757636647601,1.4146924517985113,0.3316131168795122,0.27697988722915223,2.5625359597974815,2.465772504260814
2009-07-01,-0.91698655315404,-0.8393042055245233,-0.0321030499983156,-0.030877067228509643,0.2851943062314528,0.2880416470977564,-0.11669024219278085,-0.11199450738920316,0.06511261536676322,0.053347400637093347,0.4480995845570883,0.4431727304375357
2009-08-01,1.002537195586823,0.9584437658242595,0.6182917618100473,0.6007823623824451,0.2215719759288874,0.22288491580030062,0.803729143002462,0.7982444993923961,-0.03933669861118119,-0.03156777404154872,0.011139668306802101,0.010993832318998342
2009-09-01,0.36916420779077896,0.35872268661887957,0.4940174533192675,0.5120779145370234,-0.2209386124775348,-0.22280337629107494,0.04425243365399152,0.04397003938426201,0.4937100046777589,0.48337696494139737,-0.3000644135582774,-0.29721627913383897
2009-10-01,-0.08455501027948686,-0.08192852066830068,0.3638005032332474,0.39208716335371246,0.07836415425954703,0.07917919682307972,0.6929718884706143,0.7680930621911564,0.19326366611404036,0.19523797037704302,0.09635413645081473,0.09548098918971006
2009-11-01,0.48230893388258306,0.4564847657417686,-0.3450906453065654,-0.4247356434767555,0.9455736254478683,0.9773805540055468,-0.184036100010389,-0.21582535413691856,0.10192249312520298,0.09748122752591545,0.8941387261450201,0.898818120788922
2009-12-01,1.247484473623995,1.285016943664443,0.13805117918816556,0.16745056692107693,0.6104620348594146,0.6224795364639013,0.2886419384772733,0.33011222085962866,-0.07267351812132924,-0.07359872042622102,0.40273554619393287,0.39567602297022336
2010-01-01,0.14758573870922237,0.15203605394826739,-0.12883688020147185,-0.16205582536082708,0.3872113975361278,0.3975895920450914,0.0711813489468319,0.08208041017300334,0.006157133140439513,0.006231251832714931,0.3557143709553227,0.350035740839006
2010-02-01,-1.1195216400936194,-1.0614072129693388,-0.6014302628675463,-0.6349367089780237,-1.1102220664240454,-1.0589202507437518,-0.9481826975385805,-0.9469283267744457,-0.012012054478840118,-0.011906500600908759,-1.0130074916707577,-0.9128149614063849
2010-03-01,0.4072195764385181,0.3829754504132953,-0.014645117003468152,-0.015558784247425492,0.9011437509642827,0.9028393609008899,-0.1482185726059717,-0.15074917262486512,-0.27439685154549426,-0.438685322426512,0.9184927662313705,0.8708184366427717
2010-04-01,-0.2892819674013545,-0.27560283045560263,0.5553224520709205,0.6379253899002604,0.09286560197213978,0.0929809197139794,0.7576968752459319,0.875557511866914,0.2551031558932652,0.45473942860611716,0.25483971152667034,0.24118482273932332
2010-05-01,0.2885806979834368,0.274725280107919,-0.3626905417849095,-0.45539196898978046,0.2641704283778435,0.26512253774462563,-0.1839045331980516,-0.21981852151105294,0.16074508565840057,0.29325484031113924,0.2340527371658999,0.22064252568089004
2010-06-01,-0.7854715338165323,-0.6681242214555975,-1.257710763577572,-1.3473903461115375,-1.5903640295167931,-1.554852342488454,-1.1234163580871692,-1.1612367361796914,-0.794083359142023,-0.7478732668349056,-1.6780779638094752,-1.5641805884241484
2010-07-01,0.3182620010048597,0.27306679182829985,-0.4314535385326455,-0.47626826630264085,0.2886919557637009,0.2864086499160067,-0.10980268797471707,-0.1136867371356888,-0.5185167122990416,-0.5398268955606826,0.23991132114901192,0.22478374707503873
2010-08-01,1.8524930775832777,1.8620500055738494,0.8174413471047283,0.824867266126475,1.0252811649065785,0.9686834457383634,0.9422465478290314,0.9019469570466757,-0.11786034801171583,-0.142750629932562,0.5191803050184822,0.4560306050403094
2010-09-01,0.3374476318705747,0.3547229110482161,-0.4254803169856337,-0.4267117032876391,-0.9036059257863338,-0.8875953284465328,-0.19838022926182858,-0.18703499211464641,0.043637525298484414,0.055307515881352534,-1.1425973466283192,-1.106076937626267
2010-10-01,1.1218589288637284,1.1237972935229827,1.29584685696651,1.259283527183927,1.3342438420990548,1.2886160147470338,1.4830406698681404,1.4133237700783647,0.32981939222057916,0.3261862217650108,1.1759990372078504,1.0895674241127165
2010-11-01,0.9945681441644344,1.0235864854021348,0.2677508360594022,0.25350260842084454,0.5954964630316929,0.564480733380843,0.1456617229172222,0.13601457655968482,0.49592398198853543,0.4459882260525451,0.2650366609053429,0.23902660829542682
2010-12-01,-0.5301375750161759,-0.5658865493755938,-0.6352828923843126,-0.6329472904223521,0.4956418756598677,0.4858798257620434,-0.4640568334178432,-0.4408700411794754,0.0006619565125464658,0.0005881439360838011,0.6896983257632513,0.6714037090322609
2011-01-01,1.3327644278931865,1.3538831935620184,0.6576629023039956,0.5915549356005314,1.4408077420510448,1.3679898731229203,0.3416335809750342,0.30107936468417323,0.15008269855722595,0.1179203449969552,1.0819465521070684,0.9686645548637893
2011-02-01,0.2819744485192697,0.2877920833014247,0.1743304042140547,0.15489869887352636,0.568177996326672,0.5488036712829917,-0.578838928732666,-0.5501963591044378,0.16707157306409168,0.12751261140890746,0.5080648554089074,0.4584342413293607
2011-03-01,0.048769916002856545,0.04985900685340733,0.2213556917564086,0.1949495595566063,0.5724594643247273,0.5683387250711928,-0.3323650855753919,-0.32565131739039366,0.0909493967369725,0.06739775408961397,0.6642879617252201,0.6253412658634505
2011-04-01,-0.10032136959633316,-0.10324151014541919,-0.42001230843555004,-0.3836404782800701,0.3468241265156612,0.34751901591080986,0.38424857542627866,0.38424649582365134,-0.3350598291361352,-0.26996114897968027,0.5598652844807542,0.5456834058698232
2011-05-01,-0.20739900387028887,-0.21631105395650502,0.06899148416570713,0.06255001524478457,0.26212714657074826,0.2648783642140539,-0.09035666869506631,-0.090669127112685,0.05041968703170767,0.03984960336895869,0.4236489956504333,0.42442403101524917
2011-06-01,-0.026505508664417927,-0.02763769247702171,-0.36225614218418917,-0.3160524929817816,-0.7252179482090734,-0.7314456645646688,-0.2618588072791773,-0.2542095485404692,-0.057039758285786495,-0.04293883167117356,-0.8425357734510488,-0.8585249571232374
2011-07-01,-0.47673239885798774,-0.4841657017986528,-0.2669610725004838,-0.22393048964076318,-0.7017049737143349,-0.702852319849693,-0.1972372435943198,-0.18555571758832468,-0.6519296950543508,-0.45441382495921345,-0.6036934828573696,-0.604308505057025
2011-08-01,0.6794576247262475,0.7228113672997748,-0.5557279740205089,-0.5331782198412826,0.36749265762442906,0.3675593009611064,-0.23710024477059516,-0.23191040695145873,0.2090031332496735,0.1374448164513876,0.14946292565916655,0.14856123168843136
2011-09-01,0.4271348344829856,0.4865513151595551,-0.7500362051279874,-0.8496353553569054,-0.3587696905430697,-0.36349628676056406,-0.7198793377589772,-0.8246585664211371,-0.7311318394674713,-0.8463245911987625,-0.5797868247965068,-0.6094762025917171
2011-10-01,-1.9799787309294263,-1.9534946096286838,-1.3467492931229206,-1.135403491535933,-2.023415915085347,-1.8527375951813934,-1.6614152855330817,-1.4561540419053547,-0.07450755845624228,-0.07581211530258425,-1.5502087841662067,-1.3253537407932288
2011-11-01,0.48004853716994816,0.4570896491374077,1.2826302146262993,1.1136779353294708,1.443527647460386,1.3928485907324826,1.21204605857559,1.0757566250363098,0.22347111377936574,0.19808737885533878,1.5095605935728122,1.3972522868897574
2011-12-01,-0.72915003231822,-0.7295807528837156,-0.6363771352374847,-0.5687354110227619,0.43932438980764527,0.4351257138313432,-0.742415886699131,-0.6928140453351059,-0.05316350783454757,-0.046162329946117124,0.6630891213213975,0.6585977115267952
2012-01-01,-0.3154300175626345,-0.30979309059915294,-0.49969667429999687,-0.4324361180010149,-0.3479250345849894,-0.3388094563838174,-0.6124301460153839,-0.5603530359980738,-0.025559534898314737,-0.021523653869192978,-0.32760176094250104,-0.3187448859514734
2012-02-01,0.7273347666559737,0.7107387311792793,0.8670797074667017,0.7513512330241541,0.4645739795015614,0.44341212994652274,1.1553965778039201,1.14642807591265,0.552970012285178,0.4195445311176989,0.258633802767161,0.2457680822182342
2012-03-01,0.12088765448526598,0.11757428034389308,0.6558026713123353,0.5889999240649733,0.8910333276222366,0.9257766527540554,0.509730963955924,0.518595873299439,0.39521643630707926,0.3023651169773113,0.8531670933075892,0.8961233054138015
2012-04-01,-0.5564808201744924,-0.5308222356345489,0.016776695495125782,0.01492560952815743,-0.6416309110062327,-0.6628957528757232,-0.5908463048409834,-0.5920865307462092,0.22610042282554943,0.20791820319403487,-0.5025869400680827,-0.5184436160766922
2012-05-01,-0.4096458140791955,-0.387292011155886,-0.6495333379547144,-0.5862658406998823,-0.3613584197565906,-0.37208137605486513,-0.48123677596244663,-0.482684871858913,-0.10323160809092329,-0.09020238481742832,-0.270248722834124,-0.27654466896596136
2012-06-01,-1.3384646460085665,-1.0814135164969416,-1.8986870512110676,-1.5497931048786782,-2.020676437394301,-2.013107308677232,-1.6371304043592956,-1.4236612209470823,-0.888743186931304,-0.44072640257795975,-1.9281960101819011,-1.8343847701129123
2012-07-01,1.5114094764142572,1.4479220799421106,1.053661144159388,0.876948619135332,0.1863459762520647,0.18367170285103404,0.5371999398144105,0.4523100743165952,-0.3984233902095936,-0.2116236431946395,-0.22409829559031158,-0.21741701440989247
2012-08-01,1.5439967242559698,1.6435368229290988,-0.1269012301515715,-0.10485147583104838,1.017221680397748,0.9900637859195918,0.007884302074220492,0.006471766733987476,0.3467589286602592,0.1490086513494741,0.5986452341252879,0.5546143917675894
2012-09-01,-0.0031098947102025467,-0.0033423406838104268,0.4867963215439247,0.388637214515072,0.863898981367918,0.8650341195299948,-0.03299767129371445,-0.026497841040986365,0.5769359231175584,0.21474253155157197,0.9550151981321469,0.9298988733260698
2012-10-01,0.15607086199463746,0.1685339709646347,0.5099915629394823,0.40126673143151365,-0.3667585189860929,-0.3801805000861097,0.806428823288532,0.6784102437986452,0.566802267383962,0.18335896939433194,-0.414571050389138,-0.4245150817371518
2012-11-01,-0.675927397176366,-0.7139695483283237,-0.29737882030045126,-0.21869118175096042,-0.584155130978174,-0.5900646467114771,-0.26844000298798404,-0.2141511165966716,-0.03705117230127904,-0.009085673483980433,-0.4410837980995963,-0.4351932863564884
2012-12-01,-0.0478588862886455,-0.051091422774148916,-0.002748942374030907,-0.0019469937999711164,0.5585318055967167,0.5677712941799955,0.13329158823054196,0.1028066202909521,-0.5103171260364545,-0.14793258960876818,0.5495266943631909,0.5445786831414814
2013-01-01,-1.0027755240009477,-1.0994957486890202,0.05022515892274979,0.03457108003561974,-0.1700970663495352,-0.16997080147827529,0.4686272112306328,0.41828330627378724,0.14116317277508128,0.0363125814704493,0.12398766000266657,0.12599795849462586
2013-02-01,0.28809182587360205,0.3121831963148816,0.9759951789267534,0.6943326898983662,1.0937106683708404,1.1805751776027422,-0.10943382359747329,-0.09938925674631303,0.461689601395517,0.06737628429992407,0.939622782163104,1.0093663046591828
2013-03-01,-1.6654795159544151,-1.5947760815183236,-0.20313102944159622,-0.1272211044164183,-1.4142739036320182,-1.3313488551702173,-0.4751872001041168,-0.3501297334342749,0.08211645320832774,0.007935854442163999,-0.959734836723623,-0.8543790216517996
2013-04-01,-0.4525818442788194,-0.4364322056821461,0.44088557892573216,0.28063047680624426,0.09930992436663365,0.0931606996579173,-0.48170052453639584,-0.3559932057141482,0.07559529043808012,-0.0021295302939450056,0.25007824515148996,0.223712214390236
2013-05-01,-1.032995708317706,-0.8970694462640025,0.25170907245662294,0.1842577565101549,-1.8680140233430804,-1.7355380917356888,-0.3187183420681982,-0.20603939440559565,-0.007011702915549585,-0.0036647506542258914,-1.6532856536740164,-1.3806211137149782
2013-06-01,0.13727439477207645,0.11775564594072724,-0.11258660047444485,-0.0794082044426381,-0.3268582325261198,-0.3013823191651454,-0.6399453265018996,-0.42142107212107555,-0.11386136091601323,-0.018526460109185728,-0.4118684676271639,-0.33834938584487695
2013-07-01,-2.0078204838802356,-2.0544629367616767,-0.6502883416097613,-0.3746763804570771,-0.16571632892898933,-0.14801104418461902,-1.437919280149097,-0.9180140752242404,-0.08668254148224291,0.0014514768031266472,0.46208045429485434,0.426317833492087
2013-08-01,-0.0920240179804427,-0.0954621762064162,0.9749652075799403,0.5610754066217142,1.3345155597722083,1.2972143574677009,-0.006612878408178458,-0.003980843451021293,0.23287188102578227,-0.020676931172640453,1.1612597513866527,1.1652891223901032
2013-09-01,0.48865733652460436,0.49305268746076497,-0.38713308635235416,-0.25276652871052313,0.7247275465568148,0.6860466129687995,-0.29263742703570095,-0.17940744709966283,-0.007841041505539777,0.0021595087817796086,0.5017070559337864,0.4820076497783286
2013-10-01,0.04001606274811507,0.0405773675618814,0.510359033842858,0.6137696501746325,-1.1214082770688845,-1.1424574802896017,0.7408069395814916,0.7379849770112348,0.07120118460137986,-0.048160906324766356,-0.9780234168857358,-1.0072730275772863
2013-11-01,-0.3237820723139622,-0.329937242680071,0.25081667777251415,0.3895401680226656,-0.3286655601174402,-0.3366261877704344,0.36866096004597243,0.43546606805222754,0.06877862907787059,-0.10437171659660113,-0.22119102452311004,-0.22821949400313662
2013-12-01,-0.7287268090418247,-0.7497223200365448,0.04374383410139553,0.07622825437996036,0.06995871714758782,0.07241663027511004,-0.19426228635834614,-0.21819757327985534,-0.07077208529340082,-0.17653236005040188,0.20026315785747442,0.2160660804787358
2014-01-01,-0.3984688817609557,-0.43060391115588625,0.04773377639019185,0.0855632479529208,0.3977995337145689,0.4189043224658109,-0.329012636225919,-0.44219780706059153,0.00043618852066007306,0.0011797224140550576,0.3677617295359783,0.4065008429023689
2014-02-01,-0.2540816091783504,-0.26713614815339154,-0.5407377836678497,-0.715836708586192,-0.32034208255320773,-0.3273532974897587,-0.798981898736282,-1.0009725224714416,0.004331381863757266,0.019354235363369526,-0.20461414882740417,-0.2191987536644794
2014-03-01,1.257337914496906,1.3677013637930153,0.5973117362199053,0.6342362581846335,0.7948002496318012,0.7749281155125263,0.21090071981947617,0.24425682752105768,0.07993280137224029,0.09594198185572608,0.3165210455992556,0.31861285384599153
2014-04-01,0.7264889680116771,0.8395975987522981,-0.12569578583625943,-0.14020616604022315,-0.33805873395790065,-0.3430354710669359,0.22716899105555366,0.2630031188167208,-0.05462821037715847,-0.09689687318902662,-0.4303727547419125,-0.48207996822096977
2014-05-01,0.22814993617851034,0.2689956205823326,-0.12383780043393802,-0.143216381090844,-0.2331015288936979,-0.2406355190818145,-0.20370174328030305,-0.24979842363337115,0.03321621271317255,0.05841313898952199,-0.25598835381014057,-0.2990693747612691
2014-06-01,-0.5319301384576324,-0.6294878611518837,0.18183781376111569,0.2510545198412328,0.04893498678852179,0.05099577969407278,0.2730441216930411,0.4383951104122148,-0.02542142294085812,-0.0374728204435292,0.13331447439623828,0.1639530972904107
2014-07-01,-0.13947146864207483,-0.16895227969375246,0.21530032702228213,0.31413606717085435,0.3486318204772432,0.37118057252462383,0.1934382810959156,0.32846869929948247,-0.07346258992632419,-0.15238198350196405,0.2805213139236574,0.35659924674576815
2014-08-01,-0.8560137933362787,-0.9063761707387652,-0.43366959958331863,-0.4310019107019916,-1.2235031234081628,-1.1531603006466558,0.06456098821106279,0.13930139034322464,-0.07268279849939531,-0.06885886499150695,-0.817495628314835,-0.8292776865193922
2014-09-01,-0.1312128313047911,-0.13845630699327757,0.3385102172304361,0.429573363900565,-0.5363530548773526,-0.504503983999192,0.1319882257545882,0.3836239406524604,0.04691418162143576,0.05205478725157077,-0.4229542899538441,-0.4258980912704454
2014-10-01,-1.4156584882652958,-1.2766322170939561,-0.6055875386408965,-0.4959059389015339,-1.6858518246228815,-1.403980116757519,-1.0077639099315319,-1.1964198057832827,-0.2852736772808308,-0.1250544442249465,-1.2213294485517172,-0.9875373526064587
2014-11-01,0.8449659662477871,0.8286352192543636,0.08628348407585648,0.06912220059282168,-1.1486367055755193,-1.1323160160115646,0.07546982734747303,0.09149913751085366,0.3476029035026838,0.15980132149224271,-1.127231803847345,-1.199125605706456
2014-12-01,-0.27072847922587273,-0.2543435238169247,0.2716641206940714,0.28206253099038786,-1.7895359745008066,-1.988937300527914,-0.12924680065870078,-0.14997390218167667,-0.9427007489477633,-0.27314327238123715,-1.5902530168236337,-1.839630870163654
2015-01-01,-0.5540912530105445,-0.4842767764091911,-0.39762740358437704,-0.32945126046788903,-1.2543100264360632,-1.3666708212114347,-0.8402369127618267,-0.8336721300827006,0.02912058305531561,0.005813075875753322,-1.1439143117363386,-1.2695795828391707
2015-02-01,-1.683977921974277,-1.6166792092738465,-0.40066401145604436,-0.28391515542734114,-0.6814113586392136,-0.7190404288585344,-0.17986951133129864,-0.16977236827875233,0.27069527420823497,0.04687158424397365,-0.41144947748201766,-0.44136834364960714
2015-03-01,-0.14706331006020115,-0.14166076977831424,0.5989342242544493,0.4410867763509597,0.7325052894424918,0.8110970651496975,0.19352717452907733,0.18058879275027148,-0.12310752941351379,-0.010320864242141547,0.7405267778114895,0.8475703747577088
2015-04-01,-0.27725415331550674,-0.25856392690000235,-0.40384448123671873,-0.26178540147395757,-0.8652254164349403,-0.9509228763107074,-0.3596212583421683,-0.3128247272574017,0.07460932066861724,-0.0013947850967999346,-0.7974391893112163,-0.8980779597559614
2015-05-01,0.15614479723472297,0.14219268583528552,-0.08602729767609606,-0.05476981687728365,0.9678130707270729,1.0818974478885608,0.6841487718912719,0.5634111546860366,0.04087003505022852,-0.004387114683205219,0.9623150359340634,1.106231622576472
2015-06-01,-0.5059835862239994,-0.4495254357940607,-0.04492001988194248,-0.026899786592855843,-0.014379971360210233,-0.01627668075918734,-0.6246274920004782,-0.49744041916965426,0.017087491792367425,-0.0036919208694194774,-0.002413963470647519,-0.0028241584543560534
2015-07-01,1.1693728121756966,1.244164108426131,-0.31252359690649195,-0.19733206862739303,0.09362766935444145,0.1070123165017211,-0.42154339621475784,-0.35763872115214596,0.13350978636734823,-0.03856335625779562,-0.12202612992943625,-0.14696056307562266
2015-08-01,-1.9723144242218658,-1.8358220678979236,0.05818949521306186,0.038459549400046575,-1.6944694334442099,-1.6617310958954579,-1.4206334112560828,-0.9040473154680142,0.03319773836455685,-0.024099268784035732,-1.3809286180737426,-1.351652395596229
2015-09-01,-0.26817335484626065,-0.24647139362781265,-0.6212003718882652,-0.4611982536830069,-0.017468122048723465,-0.01707763980818769,-1.2170329255843246,-0.8845069326159598,0.05700624354222812,-0.1039389885057046,0.04016991023136421,0.039286729213932274
2015-10-01,-0.16079840608231974,-0.1446912665395729,-0.42356612980524233,-0.28117377447710346,-0.8485377107710785,-0.839033176955577,-0.472129765601072,-0.3210705917268543,-0.1754076813266585,-0.22001124618413403,-0.8364802029532744,-0.8286412390665944
2015-11-01,0.15048341083070382,0.13462460997767947,0.5037801654341182,0.48150561596502583,0.22147866638426855,0.22120962385598103,0.7321154220710497,0.5503610933676372,0.07266664278274632,0.1935488099415719,0.19759498454737662,0.1977834698865913
2015-12-01,-1.593300398824067,-1.4380186486992081,-0.16190352426801688,-0.12712906454645476,-0.7258089252483924,-0.6773018349046955,-0.579578400292628,-0.3752335118461212,-0.030697779896507463,0.08416052231421639,-0.4399146412713098,-0.41166538673680586
2016-01-01,0.21973722663819692,0.20186325860060833,-0.4638679208469258,-0.3058625929525553,-1.170683992344921,-1.1271919395371643,-0.7371549273391189,-0.43714260359601503,-0.032366197982951574,-0.1369867540311974,-1.2127514607414227,-1.1958422367820676
2016-02-01,-0.08041028270700801,-0.07265011424951355,-0.802278507246561,-0.5382788719731888,-0.5031818279087247,-0.47773485791488596,-1.0683204833236903,-0.6441366351766423,-0.3214778602046353,-0.41149088439287196,-0.519391339559993,-0.5056079386132611
2016-03-01,0.1080757767563424,0.0980421068503404,-0.2531606500582377,-0.147555019699474,0.04699184623212134,0.04460372884114771,-0.2147606192620643,-0.11592506854438812,-0.11070922142933609,-0.11649448616653095,-0.016406984809573397,-0.015898371644514686
2016-04-01,0.3301298792867185,0.28751928766335083,0.7696285950233301,0.38589599281115505,0.7567655216019327,0.7040034163072321,1.340724228046162,0.7698015224881287,0.3640904112647882,0.2686088728649215,0.7705416680048877,0.7320075047702223
2016-05-01,1.452200666349798,1.138030649952269,-0.09736357684498821,-0.04585271154809111,1.6427061324240708,1.4458885298209578,-0.225721014372916,-0.13058817592097835,0.13281056840276506,0.07265232045266763,1.4419363920781199,1.2485024977881365
2016-06-01,-0.2657124274361352,-0.20373663134238898,-0.01352847789594363,-0.0054397590249123514,0.6558645843813163,0.5988495723604643,-0.38210768230121983,-0.20802314038778236,-0.15405094562886523,-0.07566357905870912,0.6496438611409179,0.5860103646801852
2016-07-01,1.1877678283794881,0.9179650726773785,-0.12007957704862865,-0.04427504462773003,0.24324947616074516,0.2155124545863828,0.3660588816750468,0.16497845678488465,-0.005180549493237603,-0.002222615401415121,-0.012199532364287386,-0.010901213853144139
2016-08-01,-1.4976208933516673,-1.092544814141599,0.1558680067697763,0.10367280256473425,-1.5955008016056462,-1.38491441360376,0.2834947829543649,0.14862006696031732,0.10809257376033642,0.07848315765822833,-1.3658695734816075,-1.1466804688993055
2016-09-01,-1.2096567324242715,-0.916355324939331,0.0070032029793322655,0.004504627073284024,0.28243836074657025,0.24801423240090667,0.18491398243797125,0.09938108330757844,0.027900428580649353,0.022044453763876638,0.5374561949471139,0.4821315477392211
2016-10-01,0.28354175036747553,0.20256999323577365,0.01410226940804314,0.00818399555463039,0.6208783052599355,0.5312481421840434,0.06992936922388526,0.03274024190087757,-0.028101227018276533,-0.0279615742662284,0.5410720047608106,0.47085202491503525
2016-11-01,0.46813433679910804,0.32880846857948437,-0.1375032653553702,-0.08352050451768116,-0.048782059769234803,-0.041077204411298945,-0.08114330457494294,-0.03416727265273467,-0.027117752547923875,-0.027294754237838274,-0.12700715318089023,-0.10924857218796429
2016-12-01,0.30650165277803854,0.2031775417970179,0.003711451548215682,0.002099638601981782,0.9102726564564452,0.7873349308276704,-0.2475185889855326,-0.13342593427236832,-0.01975626987439865,-0.025978070529306053,0.8275601539463363,0.7276776877604951
2017-01-01,-0.597783140111237,-0.4225848568578608,0.2535769460747829,0.10973931600646702,1.3417217914226898,1.472631062617502,-0.1494094602754852,-0.09835024844066262,0.2947610077339715,0.23712828318280246,1.2592173863410956,1.4270385999801025
2017-02-01,1.0152280842874002,1.0046061621626223,0.2412228867299045,0.1468927051819687,-0.15026869608116047,-0.1672034700679763,0.2402632599335343,0.26864878076356147,0.0592627208074531,0.047749064896041055,-0.4100040057841855,-0.4886989465514261
2017-03-01,0.37149560746287086,0.4010306823255053,0.0928683362028028,0.16290980802049274,0.3431480102990918,0.40348986399755515,0.08581702980807138,0.1538803912903227,0.09964122794848954,0.16516108864118192,0.13570757486616183,0.16692615397374574
2017-04-01,-0.8492353283387487,-0.7331038427408534,-0.0037017107342818714,0.026821207358347556,-1.274438106589822,-1.342622397121218,-0.05745871960730957,0.11090335215776563,-0.06569817567254299,0.08639900184987481,-0.9057861338413111,-0.9542896731118092
2017-05-01,0.16821215937690268,0.1523835853089122,-0.06554477403138252,0.06394417812532963,-0.7209734546079574,-0.7195682378060697,-0.0710212674496421,0.08387611101164939,-0.001170082402951331,-0.07757892432708137,-0.7731182021905115,-0.7637698535917057
2017-06-01,0.05904087333834709,0.053998488974316326,-0.34832971657379364,0.19271828948343733,-0.22919982005440176,-0.22278664506185117,-0.32557972580805583,0.26122459992337155,-0.09599328517646503,0.13816601715929014,-0.25940773644388937,-0.2477295791393522
2017-07-01,0.6127779517155171,0.6958531048159018,-0.0698797845953533,0.05576201855293655,-0.35497582073666867,-0.3486997713363589,-0.07444624416667343,0.07655595278318138,-0.10872860277451384,0.18785766674590815,-0.6176619898176053,-0.6227224680800745
2017-08-01,-0.15281538666696226,-0.21697021639697714,0.12878539615460247,0.37121377937479383,1.3259126426152679,1.1921023450280839,0.33125628644423577,0.7108651793218306,-0.012327273240787183,0.04570994935327114,1.3498069650324038,1.2361947419745944
2017-09-01,-0.18561081173110355,-0.2754864115283147,-0.03465505063142548,-0.10677207909614986,-0.4507160043267764,-0.40871169736660223,0.10783756104881159,0.27984599817657024,0.02030347600310257,-0.09585079511104738,-0.30803563224636776,-0.2817925062833826
2017-10-01,0.010068235737469363,0.01535320995366614,0.23810192235390926,0.567257876116189,0.9023791776731381,0.87086979802226,-0.027480348313007396,-0.08350869325597422,0.01701439960118995,0.3359722357232529,0.8151176587397098,0.7834801223767888
2017-11-01,0.4404646289015345,0.5522593092879425,0.3215836664065281,0.44035148917704187,1.215423791094036,1.1843573168567758,0.326305857477819,0.5496138739421769,0.414746671673911,0.6054944592182534,0.9434572939234497,0.8750442069670747
2017-12-01,-0.1760373060138311,-0.23210409531609044,0.3129481041501619,0.5212287220055037,0.770578355725337,0.8151315661590579,0.003730748232274044,0.0066357099603394434,0.139057588228193,0.21539352269553855,0.790844524840999,0.8028325097909004
2018-01-01,0.2620669910997905,0.3071564903007586,-0.0365357572069962,-0.0740799616297668,0.7162746663552734,0.7232991172239888,0.03172858267713836,0.05575043850423159,0.08810435486004281,0.11881534233451665,0.5835642653354048,0.559177409111811
2018-02-01,0.018235130901928846,0.021452333665735533,0.2802411804404215,0.4472117751716826,0.5768093813525139,0.5708542214549504,0.41989183871466934,0.6174282600390044,0.3642833954388602,0.40351036898569526,0.5613187934767832,0.5228508476208874
2018-03-01,0.11148474517072779,0.1480270447150774,-0.47815478201378503,-0.5438629529122135,-0.6276424075363394,-0.5832342054404153,-0.4981910645067278,-0.5701241002867783,-0.6082495896233593,-0.49826151248123024,-0.7117590276332544,-0.6164422235972593
2018-04-01,-0.5275292627000739,-0.8923476626510692,-0.30387572271698504,-0.36811814688850825,0.0805304742862119,0.07446074746928391,-0.2667681403665636,-0.3167939101572348,-0.1773782919514876,-0.1413612904314337,0.35202824881073236,0.30886556842067714
2018-05-01,0.40007759609977495,0.5923400380706003,-0.10216414784520048,-0.14343611169639958,0.5941518430051281,0.5279152670628511,-0.20238306241314186,-0.30482950698004313,-0.28264008529930085,-0.3390325968968285,0.36114545680656257,0.30208970245739414
2018-06-01,0.3514739888086605,0.5101065834143301,0.011402026711032463,0.01648097913681835,0.4012876425966634,0.3490208972791586,-0.19741902835033237,-0.39297037634070203,0.09661403505747691,0.11080631720318651,0.1964584398525744,0.15963588576373539
2018-07-01,-0.9861748817985552,-1.1508603337368344,-0.008483398924264881,-0.01246813452376311,0.27903000317124044,0.263965960928744,-0.37114446601999496,-0.5056411262408621,0.07705702943155895,0.12139553147758704,0.45729830609428196,0.46278046325591327
2018-08-01,-0.29300631891543116,-0.3198534999986463,0.10122921253207126,0.23410074773273834,-0.8520012241985082,-0.7457194880138143,0.061364149223406154,0.09258558541941787,0.04387571333846018,0.09421836029712712,-0.6597608924702453,-0.599949703804824
2018-09-01,-0.7409199994695305,-0.7675417278659438,0.052096028659441566,0.19191806620811813,0.025861915943865183,0.022482466556116996,-0.2102997231452422,-0.2836101474606152,0.030373754025371163,0.2716021619617827,0.16536323668669037,0.1569698506349788
2018-10-01,0.1076805330121559,0.10982135572323315,0.009362814149738325,0.03440996558287404,0.5474244837765274,0.45650442262317814,-0.07539299671075259,-0.11058150413419843,0.04150746212057124,0.17332297579662995,0.39640447591530176,0.35774860588228063
2018-11-01,-0.20271383705644083,-0.20042520120503093,-0.5652008272530025,-1.216880270972349,-1.052732926271672,-0.8999034204572095,-0.8298236638312104,-1.2229239937319636,-0.3085540650994916,-0.5954582335500183,-0.8166981316283698,-0.7252291453374216
2018-12-01,0.3780711542984522,0.39611446438915626,0.0061547386719995375,0.014305982488022699,-1.2145669172270583,-1.5382411417696014,0.302494426183282,0.5152493723793223,-0.2510492395455234,-0.5451495882648819,-1.0622778236877595,-1.4112137211682054
2019-01-01,-0.7267198860171208,-0.6170069239750937,-0.9871976720457187,-1.2368945430815907,-1.068560767155335,-1.1228129489680643,-0.6042366394842903,-0.7284039388674696,-0.8410971031171737,-0.8401663153366338,-0.9937121615132009,-1.0448663343121238
2019-02-01,0.736081058395221,0.5673372311352592,0.7689156869930557,0.8648450073683994,1.2921727695758678,1.3448229261681897,0.9087653068562831,0.985198478166975,-0.029163452222923707,-0.029691924571503638,1.2429564926393095,1.2764245415149027
2019-03-01,-0.597233735507328,-0.4897930055661885,0.17059673399927955,0.19533545356982526,0.510133314504036,0.5482784559228363,-0.16025201815911225,-0.1780945928214299,0.391451380224444,0.41929384083959914,0.5781667880029708,0.621521114733533
2019-04-01,0.14805228477774102,0.12005134493258436,-0.029592487071996243,-0.03447169649041557,-0.025573463755562877,-0.027733152566295535,-0.07128721253636808,-0.080104036064494,0.016823088092981085,0.018189847293241055,-0.04998596193484568,-0.05420943888813424
2019-05-01,-0.9073028785954558,-0.8360032636797097,0.0705358947291947,0.0844749329513327,0.12263872431050939,0.13565343506377134,-0.02371971880427621,-0.026902473680044194,0.2096555981109946,0.24900495112523172,0.24862233581596832,0.28120063680927915
2019-06-01,0.41202857440868945,0.47690305320898196,-0.7620773391259583,-0.8406226719048177,-1.0535867621458246,-1.1560818267527408,-0.9962053538711231,-1.090508364215011,-0.7177410583555529,-0.7146848110141584,-1.0902396169480861,-1.2329981240359056
2019-07-01,0.5441623242594481,0.5954026843587001,0.8094602359595647,0.8889070231557378,0.6444258985228793,0.6957299496940317,0.7723871453506966,0.8365243241333669,0.4205607527899959,0.3847954234613746,0.49510637271184704,0.5467550469200856
2019-08-01,-0.35627726128628995,-0.39065384047524865,-0.14598368988095545,-0.16045669475678276,-0.05757106373982338,-0.06244711084504546,-0.34594068688779744,-0.3763048596985056,0.302097161978432,0.30534254956965134,-0.009255129340600587,-0.01032629634811619
2019-09-01,-0.9942032763415093,-1.075275605393206,-0.21307559537325318,-0.22472752185146422,-0.9803816296678548,-1.0567061320914917,-0.6752215098957242,-0.6953492584047289,-0.44162642394018936,-0.39276361051574327,-0.7685728859317065,-0.8260481081226967
2019-10-01,0.848897632883012,1.0931595420251548,0.23761785362079693,0.2503098696165875,0.07891877410045196,0.08543069126123483,0.22202118646832789,0.2280704260720662,0.31537935104588405,0.276217562147396,-0.13385131949407458,-0.14688628187447303
2019-11-01,0.3004465796976511,0.38635358746822135,0.14913779146462688,0.15463870652870298,0.19838770981101062,0.2131206504172668,0.4308263509553757,0.4361793361697275,-0.06510967471562655,-0.057403689619059776,0.12337181303989647,0.13474563714918478
2019-12-01,-0.22498249562853737,-0.28767316635096923,0.14136329066426997,0.1528395167379069,0.22708516927592717,0.2564274822312012,-0.07703017180820278,-0.07723126652710478,0.2208830834771834,0.21726801811460203,0.27662553292374564,0.3262703024860908
2020-01-01,0.4652448779592468,0.5922934980089419,-0.07645594945383327,-0.08500225537330618,0.4477972839042489,0.500701778229426,0.31259967430020674,0.30526627101574416,0.02976730748285029,0.02886693658263285,0.2957299902538761,0.3431954160972839
2020-02-01,-0.8383768018349875,-0.9754731959209278,-0.14559836050323396,-0.15278121798383312,-0.655759861586933,-0.6776956100305066,-0.7529308191473051,-0.6670944389171316,-0.21077792605973034,-0.17733792573156662,-0.44015254105368606,-0.4688854845590169
2020-03-01,-0.5188438087530026,-0.5838801140678883,-0.8279659508927442,-0.8514779390748239,-0.5729153442002948,-0.5724898385230844,-0.6990019283902069,-0.5944448382014937,-0.7832073101368016,-0.6169225604777807,-0.4840076605644927,-0.49369533691226447
2020-04-01,-1.1419444540737926,-1.0695913628172287,-1.4937629441218094,-1.2544870267407944,-2.136677728436913,-2.213350238702527,-1.8778290759236163,-1.4774696888818248,-1.3798069190022233,-0.8039475549122046,-2.014209508319014,-2.0196583795096816
2020-05-01,-0.3761934529493372,-0.3366383840005477,0.5667167096623459,0.5721241695774096,-0.2390073857297372,-0.24318209716255162,0.5781679600279178,0.5083969391171981,0.6808351850667629,0.5649252711428709,-0.16531133344551444,-0.16266272080341454
2020-06-01,0.9001836600538624,0.7520278224448026,0.37615493251627813,0.35038110948721773,1.4470641307783088,1.509980340433422,0.03812981241807591,0.032673801416919515,-0.1274251371729863,-0.11307923292064682,1.5679383029589495,1.6336178805190171
2020-07-01,0.6219287526129694,0.5171423523060413,0.20410653304176607,0.18667083428783465,0.4252139446812426,0.4462643396728002,0.6390319818169967,0.5523021039441962,0.18382908731478273,0.15638034441648127,0.33115662955478326,0.3455791356468687
2020-08-01,1.255790024365737,1.277507006816386,0.16652554028118027,0.14943040799192944,0.3207210709163585,0.3372927253518339,0.6440410468811532,0.5654127827756826,0.21340213302299652,0.17340198867393825,0.07504730038447995,0.07845179921372737
2020-09-01,0.786143908240805,0.8233061498435589,0.7098767831656659,0.6418932439056642,0.2578255091996711,0.26907543880437046,0.2856216837931511,0.2419329152475624,0.4213608775381159,0.31818442686396575,0.12620871795057995,0.13128214858333934
2020-10-01,0.26072264121522815,0.28515568777719413,-0.3344096798465107,-0.2977221405002318,-0.2998412078673098,-0.3128114421941984,-0.17325929778169194,-0.14284988463536025,-0.2791394732985753,-0.19982330900188394,-0.35595887767884954,-0.3707009771863143
2020-11-01,0.23759142411020603,0.2685426637038871,-0.48808808613340693,-0.4515102031657711,-0.12995736297417718,-0.13607573350155572,-0.010473464569964787,-0.008467606009455777,0.06161702589117789,0.04271867189501937,-0.18871983197383135,-0.19759470064622262
2020-12-01,0.6138329587271919,0.6532470341170713,0.9144567385003881,0.8034664900246187,1.0784197618901719,1.1320232501689922,0.8673003589414015,0.6554658799611522,0.11551784656669588,0.07202381658906049,1.0704021795431342,1.1214231916102886
2021-01-01,1.0757902890339617,1.0864071539768505,0.6202792205941988,0.489797980646957,0.9680833922855974,0.9691883501550576,1.0133814059302317,0.6975327555503015,0.342092557104194,0.17261385408937577,0.6199178332488394,0.6078222398844971
2021-02-01,0.48015517998761936,0.4844131911163348,-0.4508262957365145,-0.38534134946797577,0.799482453448521,0.8297899133408955,0.2678841844307694,0.17411209622583593,-0.11485262653310083,-0.05522968724766526,0.7032264946708127,0.704708475312841
2021-03-01,0.5494187115872857,0.5093838986087103,0.320806083790269,0.24859553597722184,1.433869840166737,1.5009538543931655,-0.13127426871746414,-0.08453226377564099,0.12919941822474149,0.05288998429317595,1.4406213261294976,1.4542222951210084
2021-04-01,-0.215767663039156,-0.19529624296231313,0.40442874922643296,0.3445247827441557,-0.6582495377527064,-0.6945871312944356,-0.6301930249432351,-0.38696509501320825,0.11351795397231652,0.04358588481216768,-0.6359845191311643,-0.6431126171132676
2021-05-01,1.730656799010886,1.6603803142206346,0.5415039331498978,0.3958711599831458,0.8749868437804994,0.8627957233399137,-0.026998106515438228,-0.015848119715088167,0.8148512969199709,0.22239386881183398,0.3112787491600808,0.2987142977494717
2021-06-01,0.33208532596096807,0.3143879641792195,0.08454520813700067,0.059477747576958714,0.4707886529715866,0.4633214219624791,0.2765833978654475,0.15140538076344284,-0.41714068709250307,-0.10428213150740392,0.36262619416971154,0.34438476482343705
2021-07-01,-0.6766123267329534,-0.7115427148632485,0.2579704798879172,0.1766976053281308,0.4901422050071454,0.4919693309788657,-0.11036303301322985,-0.057185905093906995,0.29404415766756226,0.057684414291001344,0.77371588769268,0.7941917975970216
2021-08-01,0.13906102055444639,0.14704690582681654,0.13245221521759462,0.08765536344241429,0.16647626507168925,0.16718995563120917,-0.8757047486232457,-0.7746567612004246,0.11758623668126576,0.016156032979886447,0.1094790551711843,0.112544988439909
2021-09-01,0.029278630278167166,0.03127055017578555,0.5321811219843158,0.4295591945030574,-0.5505201367053782,-0.5533516132542587,0.25293946756103575,0.2563083252215144,0.45578159134119883,0.050496111674559925,-0.55209042838106,-0.5693446909155796
2021-10-01,-0.35085914312437766,-0.4109621893643892,-0.5555807963916399,-0.8368079758281645,0.6051193993391604,0.6165626596108796,-0.32353856043605034,-0.48382725888362244,-0.36230889775890585,-0.03458792741644828,0.722969010171037,0.7767486052006973
2021-11-01,0.3024680376841954,0.34168571786493523,0.5326379720301607,0.71026080400267,0.822539939763942,0.8363946930439333,-0.041749159900378814,-0.0694771767578878,0.2261795600965838,-0.0002360483380372986,0.67648824249392,0.7139379536318897
2021-12-01,-0.40241980352919704,-0.40241980352919704,-0.6378945271105712,-0.6378945271105712,-1.6133691498780194,-1.6133691498780194,-0.49345229348128355,-0.49345229348128355,-0.041866388133000414,-0.041866388133000414,-1.468175548449125,-1.468175548449125
