date,gas-SPX-0,gas-SPX-smth,WTI-SPX-0,WTI-SPX-smth
1986-03-01,,,-0.5900925115751114,-0.3302384646557163
1986-04-01,,,-0.4059034272770849,-0.3208322182064007
1986-05-01,,,-0.32884891902289753,-0.31526691347940433
1986-06-01,,,-0.2815308800635491,-0.314406080881082
1986-07-01,,,-0.3539973953247725,-0.31641378576307616
1986-08-01,,,-0.5417456362430759,-0.3141214127799481
1986-09-01,,,-0.5376700345090409,-0.29882544450615933
1986-10-01,,,-0.4593182590718128,-0.28324910402241615
1986-11-01,,,-0.47235829460532686,-0.2707645168034295
1986-12-01,,,-0.4165607964600953,-0.2572765631421975
1987-01-01,,,-0.515665460703656,-0.2469543881586198
1987-02-01,,,-0.5578318835459672,-0.23030959922792726
1987-03-01,,,-0.5211570674901556,-0.21019392408603854
1987-04-01,,,-0.5253831658278476,-0.19124026188265536
1987-05-01,,,-0.5339761384164209,-0.17180301851901142
1987-06-01,,,-0.5555130474953164,-0.1510077135951442
1987-07-01,,,-0.5142479761352984,-0.12859128968359834
1987-08-01,,,-0.5337946630181719,-0.10811850456326327
1987-09-01,,,-0.5736023914294763,-0.08660028178444329
1987-10-01,,,-0.5606991156307601,-0.059888421791944646
1987-11-01,,,-0.23322169276238996,-0.03219069896614071
1987-12-01,,,0.03459974351533124,-0.014057496320881449
1988-01-01,,,0.06074897596812211,-0.021090479495075476
1988-02-01,,,0.03571888162845874,-0.032384429579084106
1988-03-01,,,-0.0037451598620696497,-0.04117137005442526
1988-04-01,,,0.0432866617120334,-0.04556622016082861
1988-05-01,,,0.08166522424702138,-0.05516275467060419
1988-06-01,,,0.14688649560811484,-0.0693354011975913
1988-07-01,,,-0.008540835247177608,-0.09295681043772105
1988-08-01,,,-0.0029968509373139943,-0.10293482781429981
1988-09-01,,,0.0975527070297682,-0.11382857260387544
1988-10-01,,,0.06873995596589434,-0.13643136318025018
1988-11-01,,,0.11317920311500172,-0.15655883269941606
1988-12-01,,,-0.22866969901929252,-0.1835785654521263
1989-01-01,,,-0.18186655296703844,-0.17856645659247602
1989-02-01,,,-0.18360324793856006,-0.17823356473130883
1989-03-01,,,-0.06118968649281152,-0.17768781907050948
1989-04-01,,,-0.12884899588739343,-0.189305753502707
1989-05-01,,,-0.22479175483013333,-0.1951739450641553
1989-06-01,,,-0.1806216552080879,-0.19224003433180825
1989-07-01,,,-0.21094579697630234,-0.19353681547059023
1989-08-01,,,-0.2891977264787503,-0.19160392821952185
1989-09-01,,,-0.08656937836715164,-0.1810409181220331
1989-10-01,,,-0.09203355573402011,-0.19384747501100313
1989-11-01,,,-0.09241688412107879,-0.2060349163990809
1989-12-01,,,-0.25853311952095515,-0.21823126298177314
1990-01-01,,,-0.2591381721888658,-0.2132040212771915
1990-02-01,,,-0.21821290221185788,-0.20810707013170274
1990-03-01,,,-0.11319089933399615,-0.2069706444070214
1990-04-01,,,-0.14077014828601686,-0.21775989689609876
1990-05-01,,,-0.1308287741880404,-0.22578345198576388
1990-06-01,,,-0.1519978746029948,-0.234867615201419
1990-07-01,,,-0.1358289544036537,-0.24232627680505497
1990-08-01,,,-0.2874522727560069,-0.25121260019771885
1990-09-01,,,-0.3813406129921804,-0.24833078636929068
1990-10-01,,,-0.35945767025750486,-0.23108181277546064
1990-11-01,,,-0.3212453912973986,-0.2137859387345889
1990-12-01,,,-0.3271526172761537,-0.2002431111814187
1991-01-01,,,-0.4017164777191222,-0.18602420835208383
1991-02-01,,,-0.2342181802747279,-0.16352419733367024
1991-03-01,,,-0.24377837320244095,-0.15652058383941425
1991-04-01,,,-0.2342048496068008,-0.14141987993808008
1991-05-01,,,-0.23239438524852682,-0.12752018725145042
1991-06-01,,,-0.20362134024580264,-0.11381154118069357
1991-07-01,,,-0.22247060129569576,-0.10322060808878597
1991-08-01,,,-0.2226866985443307,-0.09046921124177285
1991-09-01,,,-0.21956492692244642,-0.07765735079214076
1991-10-01,,,-0.24128909063766676,-0.06472755754245765
1991-11-01,,,-0.23555894681559242,-0.049873444127712996
1991-12-01,,,-0.09519807495841567,-0.035378294675629904
1992-01-01,,,-0.058235411917449256,-0.030769675933840043
1992-02-01,,,0.00417764447083787,-0.02879008182073909
1992-03-01,,,0.039095528873604374,-0.032897657172919065
1992-04-01,,,-0.049597047142229886,-0.04140588509439302
1992-05-01,,,-0.0698686349794297,-0.04048158349885507
1992-06-01,,,-0.01730826607770592,-0.03746974181181584
1992-07-01,,,0.08050952164216807,-0.03936521914387599
1992-08-01,,,0.05773884183292616,-0.051096829692315646
1992-09-01,,,0.06557015794699214,-0.060914455890428876
1992-10-01,,,0.07097001323546566,-0.07140196660402177
1992-11-01,,,0.1766572064447501,-0.08232974867206908
1992-12-01,,,0.12057177672195306,-0.10224852030867514
1993-01-01,,,-0.03567063674186775,-0.11864843829650441
1993-02-01,,,-0.11030153099455321,-0.12682798216403546
1993-03-01,,,-0.11242202355236407,-0.12840043173260085
1993-04-01,,,-0.15425438259737873,-0.12986058990819704
1993-05-01,,,-0.036996878050241905,-0.12750083741688056
1993-06-01,,,-0.03933271027485496,-0.13827110436681783
1993-07-01,,,-0.06629507107148393,-0.14879402063096275
1993-08-01,,,-0.06345651931138097,-0.15675328976511255
1993-09-01,,,-0.13321301723404416,-0.16532422138793756
1993-10-01,,,-0.08984171511229007,-0.16841833254588653
1993-11-01,,,-0.18123570977551717,-0.1755764480330796
1993-12-01,,,0.03580897546893411,-0.17507544232882827
1994-01-01,,,0.028400480567692274,-0.1934997597007101
1994-02-01,,,0.014224096521407133,-0.2114276593093062
1994-03-01,,,0.05975786515122536,-0.22859526706828556
1994-04-01,,,-0.18317288023004688,-0.2503996738135057
1994-05-01,,,-0.34269717066388083,-0.2563833531290011
1994-06-01,,,-0.34031708866371396,-0.24386134099368728
1994-07-01,,,-0.3400799646678435,-0.23164027559593298
1994-08-01,,,-0.20705555651520527,-0.21944579651312437
1994-09-01,,,-0.29174512338570946,-0.22080910118429686
1994-10-01,,,-0.28467937027198453,-0.21208357302457959
1994-11-01,,,-0.3144289224312464,-0.20407801685499738
1994-12-01,,,-0.2285259774948079,-0.1927138376366077
1995-01-01,,,-0.2726640440798261,-0.18903991912519008
1995-02-01,,,-0.2139170552268868,-0.17933414802898012
1995-03-01,,,-0.20904346181437478,-0.17551022922092996
1995-04-01,,,-0.1090009038542084,-0.17110686135400396
1995-05-01,,,-0.13147519497327753,-0.1789550192844294
1995-06-01,,,-0.26068142065257016,-0.18538406759818948
1995-07-01,,,-0.36951116970269315,-0.1744320919892252
1995-08-01,,,-0.2406183940033278,-0.14495224685454733
1995-09-01,,,-0.23971898658105995,-0.12947816444954854
1995-10-01,,,-0.3045277230346539,-0.11412764227985722
1995-11-01,,,-0.2711405922427213,-0.0832023079431903
1995-12-01,,,-0.1596013357749752,-0.05664607882230646
1996-01-01,,,-0.18256658028513686,-0.04315558444792614
1996-02-01,,,-0.1811540769923973,-0.026609459097015703
1996-03-01,,,0.055534891517408175,-0.009851412968178125
1996-04-01,,,0.0049766196514092545,-0.018017904223311305
1996-05-01,,,0.05740423436148163,-0.020642993183395165
1996-06-01,,,0.03495241863089388,-0.02873185688139393
1996-07-01,,,0.03413533793860937,-0.034888326852390225
1996-08-01,,,-0.031269436604807146,-0.040972997699652985
1996-09-01,,,0.07477221339178924,-0.04203488993972984
1996-10-01,,,0.1009967937358558,-0.05457285084816477
1996-11-01,,,0.025293346870582226,-0.0700857641996571
1996-12-01,,,0.15994176081823058,-0.0803604794929679
1997-01-01,,,0.16531491776530827,-0.10750829599896933
1997-02-01,,,0.07484536633946204,-0.13536690619748165
1997-03-01,-0.21822828469343472,-0.083524248743271,-0.03450328945220231,-0.15523622121177777
1997-04-01,-0.20975519255032363,-0.08138456418142975,0.04890892162080396,-0.16645016041011085
1997-05-01,-0.296383079274238,-0.07901952101540413,-0.05994999536873921,-0.18535349202952317
1997-06-01,-0.21294661961225647,-0.07158058651644753,-0.2312110902860684,-0.19749583322712178
1997-07-01,-0.159610333326525,-0.05969048692928779,-0.19675217185959998,-0.1927994283484363
1997-08-01,-0.005107092526693668,-0.050787816436984295,-0.1590046286493358,-0.19227063028322283
1997-09-01,-0.009507698756734344,-0.05529042928223214,-0.15784470315029916,-0.196753311027293
1997-10-01,-0.0053250731929406535,-0.059399198652252475,-0.137618726912404,-0.20137457783092444
1997-11-01,-0.028869744906663743,-0.06387026780474969,-0.1517870041636219,-0.2081641353631921
1997-12-01,0.11258136672263594,-0.06658317224346613,-0.023652906175016336,-0.21365440286393506
1998-01-01,0.11141254015905298,-0.08098454990926553,-0.025485121513760513,-0.23212036813879924
1998-02-01,0.04649650638316773,-0.09529918790286902,-0.0009403746148990769,-0.25042427436136827
1998-03-01,0.042395576888859365,-0.10531163057308518,-0.1334999748770093,-0.2710653686291191
1998-04-01,0.10292547268570115,-0.11624703615023507,-0.1284861696952433,-0.28268866456104247
1998-05-01,0.030011004319155196,-0.1324967066877356,-0.1560843185444247,-0.29550597102984916
1998-06-01,0.03382305253204988,-0.14390063473271747,-0.0972669136289287,-0.30636585742484324
1998-07-01,0.021523811930712195,-0.15578805185473885,-0.1092887467560397,-0.3217508487037142
1998-08-01,-0.10310744678537108,-0.16716785540642695,-0.17341169134024234,-0.3366276258973999
1998-09-01,-0.21781844830050306,-0.171265073561979,-0.39687331240613133,-0.34790396155589964
1998-10-01,-0.20991107639644244,-0.16746255245250719,-0.2764948124213255,-0.3436832576463243
1998-11-01,-0.20569239086975086,-0.16375073891661746,-0.29114803969527,-0.34981629592429125
1998-12-01,-0.388087581403674,-0.1603718546511717,-0.47160742215056395,-0.3547324660435097
1999-01-01,-0.37475482951255845,-0.13769120544070546,-0.3859401859513668,-0.3427688344114706
1999-02-01,-0.3272774871572522,-0.11524356465044322,-0.38902677401091085,-0.338582555967304
1999-03-01,-0.3337067707870659,-0.09456381001301811,-0.49541297173128007,-0.3335669955247241
1999-04-01,-0.2676666152738878,-0.07283123557706853,-0.42395261442652077,-0.3186044319468194
1999-05-01,-0.21097282008186505,-0.056383933622444454,-0.36393895613150157,-0.3095723102368308
1999-06-01,-0.21616784134563638,-0.043004856362817645,-0.3667947037479254,-0.30480615610576617
1999-07-01,-0.21470217955100568,-0.029024156924283562,-0.4521677432288134,-0.2997425888855761
1999-08-01,0.0550716087642556,-0.014353744953447337,-0.32654580687852414,-0.28757583823845384
1999-09-01,0.15105269049473408,-0.020105689341640837,-0.44290711619058504,-0.28432001441223853
1999-10-01,0.13881845893946407,-0.03609497152530433,-0.4169326216572597,-0.26941101458190153
1999-11-01,0.2237539648930688,-0.0511997732804626,-0.49564708222525766,-0.25659848000014773
1999-12-01,0.1255700019518791,-0.07382068407328182,-0.2515303219460058,-0.23683111503366353
2000-01-01,0.13805287262129,-0.09319410238749049,-0.2433043091960401,-0.23539762416799087
2000-02-01,0.055482973317987044,-0.11403783788074615,-0.29461096777150036,-0.23468259098681232
2000-03-01,-0.038769077300558966,-0.12873880130297294,-0.20471987600186717,-0.22947054928902993
2000-04-01,-0.011603887011521527,-0.13792980830007312,-0.37886914790197024,-0.23200424392333707
2000-05-01,0.003632866302367444,-0.15105205782383357,-0.3597859149470842,-0.2167228518602424
2000-06-01,-0.15628173999989328,-0.16564241540338095,-0.4255935440957534,-0.2032082165596765
2000-07-01,-0.1642623050523199,-0.1666544391019724,-0.45787016317489104,-0.17913857290167295
2000-08-01,-0.1615008466461694,-0.1668974299835027,-0.45641395919784666,-0.1507981238909063
2000-09-01,-0.15404345257813565,-0.1673951095829524,-0.4492587151467222,-0.12258933412696527
2000-10-01,-0.10643729957517281,-0.16852326123120298,-0.41380025015202593,-0.09496535435269704
2000-11-01,-0.17345234169922408,-0.1735275110872968,-0.3998697521848285,-0.06924840989195585
2000-12-01,-0.4368407211723703,-0.17353610521442447,-0.2521091899391192,-0.03143223649807472
2001-01-01,-0.3527721103211454,-0.14450608254456734,-0.23717252187307028,-0.007093324602079232
2001-02-01,-0.2918086338213908,-0.12086885330035005,-0.24094018097308484,0.01902695711506608
2001-03-01,-0.23081899736637607,-0.10322237761050007,-0.09633144576636149,0.04587062146047277
2001-04-01,-0.11437380814269434,-0.0905399289724611,-0.026189256022579377,0.06000779027480255
2001-05-01,-0.07195895155532789,-0.08740061060485319,-0.03646882249861921,0.07136288655265637
2001-06-01,-0.14397312602771506,-0.08921150031173097,-0.08274822335654097,0.0840101109425713
2001-07-01,-0.07204012999421343,-0.08297416294736522,-0.020481256365434124,0.10300567805394842
2001-08-01,-0.03202868609928265,-0.08415699489705616,-0.05411960241501422,0.1163654535219892
2001-09-01,0.07695117271541332,-0.08953582948441133,0.011633185260231382,0.13395809939048262
2001-10-01,-0.07908745023382519,-0.10554854025185614,0.36963382936011174,0.14572402632883202
2001-11-01,-0.06829751433123271,-0.10902336156210646,0.2962784312393136,0.11631950393545365
2001-12-01,-0.07055830587741287,-0.11384781972195641,0.29550204972749006,0.09500054912817152
2002-01-01,-0.051500510459447535,-0.11850141069082003,0.29512971012662415,0.0734461686588011
2002-02-01,-0.0865925525110532,-0.1250375679905228,0.24776493104911143,0.051819657450339146
2002-03-01,-0.342659725340147,-0.12855695372476533,-0.0185223582796388,0.033881761901887665
2002-04-01,-0.2903860020773875,-0.10790480844476893,0.015521747163603758,0.038936703906098186
2002-05-01,-0.2628820309988225,-0.09121783921318988,-0.006725940842619474,0.04107791561370713
2002-06-01,-0.17662045054074726,-0.0750757355299513,0.05203986024452495,0.04557311524765025
2002-07-01,-0.08072800465420923,-0.06556571879482723,-0.04002844459447563,0.04496747543658129
2002-08-01,-0.10666655400276455,-0.06387539585594323,-0.10478016997649624,0.054443068507995115
2002-09-01,-0.09824831903100084,-0.05689880168747378,-0.09933693344724699,0.08040265132676648
2002-10-01,-0.12097396598869797,-0.05109516532420645,-0.05874248079945181,0.10563020039386366
2002-11-01,-0.10737513137422595,-0.04168989985886126,-0.02608580339118617,0.12775383715499583
2002-12-01,0.00141266005477865,-0.03378406818213336,0.10795429694082294,0.1462699229105267
2003-01-01,-0.09265449896167963,-0.03777476730635035,0.016446745480288003,0.15061426028891983
2003-02-01,-0.2144483589523148,-0.03175464155868554,-0.051150708339299966,0.1653320208651227
2003-03-01,-0.011298760672001668,-0.012899354351060235,0.15695168922739358,0.18767460810143757
2003-04-01,-0.01702295776187501,-0.013129407206246179,0.13954450139582628,0.19209040813776204
2003-05-01,0.02758086057260486,-0.012639732219101214,0.10825272727756216,0.19869888445210487
2003-06-01,0.014668681220165113,-0.01767395166269506,0.19701562702973704,0.21001960495609578
2003-07-01,-0.051596170511756384,-0.021661248376400818,0.16694388748264,0.21162277513702865
2003-08-01,-0.050120557089083626,-0.018003307236212462,0.16152679946769463,0.21708237868769442
2003-09-01,-0.037547685749221724,-0.014491292398469083,0.1897057118348134,0.2231573723212843
2003-10-01,-0.0446440316703179,-0.01220885402038275,0.2488117812550656,0.22646887803147175
2003-11-01,-0.067543499524544,-0.00907805749782134,0.2765148815297141,0.22431223490910515
2003-12-01,-0.14407219643003555,-0.0037969304303404616,0.2519589456842225,0.2195968189752777
2004-01-01,-0.1289971561222883,0.007924647223376158,0.2726971185824293,0.21689259836879232
2004-02-01,-0.18539701832364064,0.018742078628743525,0.23850647645412376,0.2124837922132288
2004-03-01,-0.19085763140083575,0.036572393685072396,0.22723903344273777,0.21021086783395349
2004-04-01,-0.16912014626915384,0.0549289413526208,0.2575586054764703,0.20883647420356577
2004-05-01,-0.1788968437637967,0.07391140136989813,0.2328854665276446,0.20470851266973217
2004-06-01,-0.11240436377483756,0.09374521852671686,0.27980335938826223,0.2024979177991023
2004-07-01,-0.10504045571214553,0.11257512279665029,0.32318895809885284,0.19543676268016963
2004-08-01,-0.016472263426522596,0.13181640102789627,0.14153143722012923,0.18414108375850335
2004-09-01,0.02074276464300727,0.14571705646131267,0.12326489527696363,0.18813533408632943
2004-10-01,0.1975616350405478,0.1569846644122398,0.2658078437963404,0.19398401460879458
2004-11-01,0.19796714006921332,0.15342022265427863,0.27825731683993726,0.18767472482271508
2004-12-01,0.09240945238006755,0.14981408491135637,0.09064585475902379,0.18034193200550705
2005-01-01,0.06530202560770762,0.15498860027990352,0.15448096044750262,0.18842723319086702
2005-02-01,-0.004524949937661435,0.16283534055728355,0.083902175596366,0.19139721608031737
2005-03-01,0.0017273692279296121,0.17929537186040995,0.09268452083455342,0.20196944775474274
2005-04-01,0.018374135903094696,0.1952006035886042,0.16212268346642994,0.21175838546156822
2005-05-01,0.1501851473532195,0.21081576620338627,0.27388959848731403,0.21614160693010917
2005-06-01,0.17031049320453845,0.21701755984316976,0.32771044368586605,0.21023467183166905
2005-07-01,0.1967917222066306,0.2213874487045944,0.3402487126750865,0.19924369961422156
2005-08-01,0.2658373769517304,0.22352943513534435,0.38492382477599474,0.18696389046756004
2005-09-01,0.12660483806915848,0.22009815776122427,0.38189378200918456,0.17090885636111422
2005-10-01,0.12388411576923167,0.22738178921183338,0.38950335741267544,0.15447199803030262
2005-11-01,0.26849947233041743,0.23486842765908755,0.39271945644636785,0.13747069969976694
2005-12-01,0.4100190011240088,0.2322209550575242,0.3949982032814786,0.11737723843126141
2006-01-01,0.38066152806226916,0.21553028165554458,0.41779975254402135,0.09131575477925485
2006-02-01,0.36391607888426103,0.20130427083482066,0.3927831875195639,0.06318924933806075
2006-03-01,0.3719835516246084,0.1883263727327159,0.3811501501247859,0.03688466168711202
2006-04-01,0.3721757631499466,0.17391306121762773,0.3775820758531367,0.009866900813489399
2006-05-01,0.3974979305909678,0.159484759427187,0.3774518602828771,-0.016893077134214396
2006-06-01,0.36980954292156865,0.14324641174424957,0.3316789936036798,-0.043797093345591454
2006-07-01,0.20617617106632863,0.12713249243976205,0.11138859403713197,-0.07050219468366814
2006-08-01,0.20271635852651018,0.11879060479711553,0.1131578609675076,-0.08969806905121513
2006-09-01,-0.02265470247193313,0.11077715932509022,-0.14776896314706991,-0.10906727174902861
2006-10-01,0.09851011635979157,0.12474134067900411,-0.25182409818358137,-0.10501698398020831
2006-11-01,0.18790861486144061,0.12778887335295858,-0.14005190088215871,-0.08796099482327399
2006-12-01,0.1764241155327966,0.11968092072761335,-0.11720896195878833,-0.08093583822566162
2007-01-01,0.17413303607599617,0.11289096043077845,-0.13957985548643695,-0.07659535174227622
2007-02-01,0.11316474393508374,0.10633715009045762,-0.18241044139653753,-0.06985507575231487
2007-03-01,0.12009774890995747,0.10566881877677622,-0.18049988851944346,-0.058837391174756726
2007-04-01,0.055923738347968696,0.10437990945287952,-0.18155241638287595,-0.047969507985338916
2007-05-01,0.047119659252868235,0.10925290868682153,-0.19931831866427624,-0.03453573070643423
2007-06-01,-0.0010714033987351199,0.11539481541393196,-0.1138415738320495,-0.018246879006744987
2007-07-01,0.042581897007174456,0.12653112667337763,-0.1516645787691704,-0.009106269074321438
2007-08-01,0.04397985298442936,0.1339254717352666,-0.1503107218463233,0.003450431417680533
2007-09-01,0.0498909013968276,0.14120740987108704,-0.30985846936485373,0.015898833256895506
2007-10-01,0.15647103702905224,0.1503369578721245,-0.1979189258157563,0.04846706194738118
2007-11-01,0.18546200467914337,0.14973396802244188,-0.0726090243945649,0.07268720093387881
2007-12-01,0.2337901131731964,0.14638880645344282,-0.02056113804090403,0.08629106486257254
2008-01-01,0.19320282678041714,0.13455589705610935,-0.014728917059982357,0.10075735242001482
2008-02-01,0.03571495504941341,0.12748946055280203,-0.03551648328424185,0.11467242681766959
2008-03-01,-0.020349138832994024,0.13943906906074705,-0.05705355798037443,0.13422795226721473
2008-04-01,-0.03689870352809227,0.15869923527958243,-0.05486277932094224,0.1572841823269109
2008-05-01,-0.024739129193327332,0.1810687538594895,-0.04064362243805267,0.1815463265460804
2008-06-01,-0.02863508112190679,0.20231427309554387,-0.04312072040685554,0.20448296417746037
2008-07-01,0.06887692031947981,0.22392946369113884,-0.010093115390241776,0.22765687974289497
2008-08-01,0.27741573595149266,0.23929726671021603,0.09716211812149367,0.25122111812026837
2008-09-01,0.24550755660584164,0.23531467822831761,0.06832341464841771,0.26731708448893254
2008-10-01,0.33212680415489315,0.23434125503241116,0.2029885397829227,0.2863210445959967
2008-11-01,0.17636065304035564,0.22532320993161287,0.3218030027691808,0.294006191261481
2008-12-01,0.22662001737718312,0.23442089501460892,0.4166515742469632,0.2888412927458517
2009-01-01,0.23563225901920806,0.23591857037677894,0.4186126709295559,0.26430324478081335
2009-02-01,0.2491430629886571,0.23596585137849788,0.4339451509026427,0.23882083184093775
2009-03-01,0.2580788871293987,0.23403596655584832,0.1697410965608968,0.21024365838209166
2009-04-01,0.313918822827677,0.2303422914979067,0.15327745156113165,0.21646600154228113
2009-05-01,0.2947680179873579,0.2175923807731068,0.2969634064993536,0.22610564987742016
2009-06-01,0.27609162462193987,0.20477650737007907,0.36907737600719953,0.21433893085482747
2009-07-01,0.27220926452325295,0.1942497486254704,0.3585139537982634,0.19149813154880152
2009-08-01,0.27523744954967583,0.1842063557181523,0.35111184487347274,0.16998176494142014
2009-09-01,0.24798603333000716,0.1738104223851893,0.2571965311873217,0.14929634684622065
2009-10-01,0.3334362631671126,0.1647993142011064,0.29283282126835186,0.13618826156326047
2009-11-01,0.3177992097419501,0.1460067049857239,0.3076049911549837,0.1187320634150873
2009-12-01,0.2896724646755499,0.12864887697508334,0.30969897818761777,0.09964843808330764
2010-01-01,0.29154613610593916,0.11380038365759673,0.3109616421081081,0.08027901472357263
2010-02-01,0.29255971041964685,0.09879313375242046,0.31271522932779233,0.06080225204284995
2010-03-01,0.48808845089066255,0.0837047189996784,0.1479645939771776,0.04118603366169159
2010-04-01,0.3083712335200135,0.048105576335952915,0.16089312115050663,0.03178598884702208
2010-05-01,0.28009302169172545,0.022920086189265998,-0.047183931951121055,0.019292498758173793
2010-06-01,-0.026958381506752782,-0.0013247670488452865,-0.09820869944347821,0.02555953188586857
2010-07-01,-0.010041481799483287,0.0018069179172484264,-0.09013458061305399,0.04068042363410859
2010-08-01,0.015140073141039889,0.003322817064349483,-0.08852339155015282,0.057417059644646634
2010-09-01,0.002358185163039473,0.001966805972635436,-0.09352823802760366,0.07416349124142471
2010-10-01,-0.10589180134696372,0.001926444397021304,0.03071036008917158,0.09145695644525781
2010-11-01,0.009711096971535937,0.01268676135555906,0.11633844010408699,0.09751949833168357
2010-12-01,0.009827040510441193,0.012991996437101735,0.11653757394731003,0.0955891054899074
2011-01-01,0.052553247668910175,0.013286444898394957,0.10651007590396686,0.09364018599571393
2011-02-01,-0.009137902785819753,0.009910126935811663,0.10499607116992447,0.09253358099077749
2011-03-01,-0.00798777969244707,0.011438606713072388,0.14001101464034937,0.09153354768069163
2011-04-01,-0.060117598413847,0.012887756805134994,0.09099794778181508,0.08791727421422796
2011-05-01,-0.06084290147672151,0.018344503946257036,0.0710546313510239,0.08768701087762425
2011-06-01,-0.0731646633584423,0.023861237171901792,0.081124853739293,0.08884573555443132
2011-07-01,0.007427743827852024,0.030194592899307534,0.0693403693988556,0.08934971532475292
2011-08-01,-0.07820252746014236,0.03197753700509662,-0.01901271614533971,0.09091671061985515
2011-09-01,0.11146116465478076,0.040164123159357065,0.03690394729038053,0.09908467392128943
2011-10-01,0.14157094833314687,0.030311326417053155,0.034064821741549255,0.10767765404967855
2011-11-01,0.10526433720284784,0.016743542916585127,0.13839040767728084,0.11665452233677531
2011-12-01,0.12454932786928566,0.00680181804900537,0.13125708228952318,0.11421337623600991
2012-01-01,0.13041508083285558,-0.005110957031239566,0.13139373545363536,0.11248902693079563
2012-02-01,0.0966408373897632,-0.01756882472123554,0.14587710495720668,0.11075126228270898
2012-03-01,0.025242828932789715,-0.029230964179612566,0.15285797696258677,0.10716450378704967
2012-04-01,-0.053731290768470566,-0.03482187103490897,0.07933985511674184,0.10247476331143646
2012-05-01,-0.09981270138845519,-0.03296624223960863,0.13146543155817547,0.10474504988963909
2012-06-01,-0.0655870552828429,-0.026927922938706543,0.399358935463093,0.10233136637654044
2012-07-01,-0.19788870982841555,-0.022806715104755876,0.2931650709583121,0.07066711861945146
2012-08-01,-0.2140187844277954,-0.004716987554469032,0.34822851148545364,0.047678305037224256
2012-09-01,-0.18052565453616362,0.015771013385716875,0.2949452503371345,0.018258237917537057
2012-10-01,-0.05888726978346706,0.03559310137091447,0.16300660157084992,-0.009681687719536786
2012-11-01,-0.060045197927786696,0.04546839732293235,0.16385512130030808,-0.02773144708599501
2012-12-01,0.0017066600586893715,0.055458876280909855,0.03363455291283707,-0.04587168366447926
2013-01-01,0.005696415560421236,0.061681147047763236,0.10311005637525565,-0.05507519872686022
2013-02-01,0.036659611309158596,0.06769147005720978,0.07723710469102446,-0.07205740893376955
2013-03-01,0.16031669744445382,0.07155196751770942,0.008496987981439566,-0.09063029222105387
2013-04-01,0.24740635666564742,0.06107073553477696,-0.057914934167229884,-0.10233512161102584
2013-05-01,0.22387083125254081,0.03787176330089756,-0.04174177948936264,-0.10786547962243678
2013-06-01,0.008042938707345626,0.016971096093886973,0.011444998780748984,-0.11529578272125043
2013-07-01,0.0262584817248721,0.018347224604266733,-0.13300355901476302,-0.13483078813184363
2013-08-01,-0.052059784457557,0.01718022736492362,-0.0815518374135157,-0.13510032447768258
2013-09-01,-0.054343459310889984,0.02785321977624603,-0.08070884391871715,-0.14335454889259075
2013-10-01,-0.07852841659324147,0.03883374866990792,-0.14331417661369347,-0.15172329299720622
2013-11-01,-0.09799308884255371,0.05332371721589722,-0.2264060300729197,-0.15276151371870922
2013-12-01,0.19795442541098301,0.07223957204123169,-0.03857042026048765,-0.14355533883090393
2014-01-01,0.19705775161317737,0.05460753406676527,-0.037957388629384164,-0.15827991608937164
2014-02-01,0.17031823169691027,0.03708563296465717,-0.04976973716607538,-0.17308002986120694
2014-03-01,0.25362455661162553,0.02245889098999923,-0.019091139516567043,-0.18661746627866993
2014-04-01,0.2407015817839462,-0.0016183217594475385,-0.03593974594261151,-0.20406628161090296
2014-05-01,0.2571921689693728,-0.025724086359490417,-0.02430838877358451,-0.2207913571518594
2014-06-01,0.25548083255054094,-0.05180639396110959,-0.00884243338574124,-0.23890530120136047
2014-07-01,0.11639938721670115,-0.07794395462250764,-0.06690602685702265,-0.25847423099948197
2014-08-01,0.09994209261026032,-0.09515368150476189,-0.11138382639610925,-0.27543821052877976
2014-09-01,0.10347800492814098,-0.11139335687251857,-0.08629210986744168,-0.2890940160071757
2014-10-01,0.008079206181729484,-0.1281390793104893,-0.20527142563168654,-0.30489912098555794
2014-11-01,-0.12136089263905407,-0.13883139197620606,-0.04575176237279455,-0.31271929332908094
2014-12-01,-0.3471580688126542,-0.1403233716137156,-0.4840749651977206,-0.3355183051017985
2015-01-01,-0.33497820081857316,-0.11452653394667692,-0.471665234852627,-0.31699002093695183
2015-02-01,-0.25631101816551705,-0.09007021483843358,-0.485306635264495,-0.2998307658343097
2015-03-01,-0.25244137017272283,-0.07169571613926445,-0.5154706845151986,-0.27933022653610373
2015-04-01,-0.20087238780398609,-0.05322695052346271,-0.5415137292868187,-0.25520116631528833
2015-05-01,-0.22740041344831435,-0.039308320500615695,-0.5515770678435327,-0.22821029745882482
2015-06-01,-0.22033346719154306,-0.02303307533302104,-0.5524214820204505,-0.20022999597678526
2015-07-01,-0.25116075408920946,-0.007306452994937068,-0.41096181193285586,-0.17215715517032107
2015-08-01,-0.23955912186871542,0.011583666130106252,-0.3513463840879034,-0.15365820561882054
2015-09-01,-0.10823673782249124,0.029832739357943505,-0.3613754912748882,-0.13929336530663536
2015-10-01,0.2851847751223018,0.040604976691526684,-0.2659722644139214,-0.1219664265991732
2015-11-01,0.11123687697214363,0.014024264569436479,-0.24665986723114586,-0.10631600189765136
2015-12-01,0.029347517028815717,0.0018871510472310005,-0.2866621414200847,-0.08879389870962606
2016-01-01,-0.07129022990142753,-0.0012794727223856273,-0.13634641523929758,-0.06597649412589258
2016-02-01,0.06021163288426723,0.006547888158759001,-0.0390944052524715,-0.05810897790515404
2016-03-01,0.08002570496449807,-0.0022733760852196028,-0.12122319267219578,-0.06123459969531422
2016-04-01,0.13362986609133734,-0.014282143403180958,-0.07217027936295475,-0.052481293514944266
2016-05-01,0.13113141791476854,-0.03678891259245562,-0.03706936582928343,-0.04948535382372879
2016-06-01,0.038394867590208465,-0.059309071534426355,-0.05565793766402624,-0.05115048884467541
2016-07-01,0.03722254933631661,-0.07114088133070454,-0.054182058693777534,-0.05060464312366526
2016-08-01,0.028774285721820482,-0.08284641281347105,-0.056251639038195904,-0.05021820694011951
2016-09-01,0.03706685654043036,-0.09435584195272774,-0.057142744344052546,-0.04959608792357016
2016-10-01,0.0412426491079333,-0.10670373491060095,-0.08558867877206251,-0.0488870376092912
2016-11-01,0.06705151678339177,-0.1195311560579114,-0.07215055785387521,-0.045704888811836625
2016-12-01,-0.010595627370427435,-0.1345631519469924,-0.1233579790766397,-0.04357429875076467
2017-01-01,-0.18542188952070204,-0.14389334422577157,-0.1054667066935817,-0.03756952386563489
2017-02-01,-0.24492652270826784,-0.1386349275294409,-0.09031483407256596,-0.028972264383495594
2017-03-01,-0.11976406420044505,-0.12642789245956818,-0.2953578867683969,-0.02192739034420038
2017-04-01,-0.060986544095325,-0.12732200666478416,-0.26994973908562314,0.014759943345324322
2017-05-01,-0.056864111865874756,-0.1356762193002564,-0.19563985179654436,0.05061595661899948
2017-06-01,-0.1662317646856638,-0.14480984187563223,-0.29282205186478794,0.07915481548575815
2017-07-01,-0.14159087820854144,-0.14236640750267907,-0.21055674644350314,0.1215833627122535
2017-08-01,-0.14640732233152,-0.14245591115556075,-0.19905541321674552,0.1599155743549051
2017-09-01,-0.15606777775360142,-0.14204492015838746,-0.21895095844561707,0.19725257563585474
2017-10-01,-0.26355061219625053,-0.14069797927028255,-0.09007995830590723,0.2372302730503559
2017-11-01,-0.08907686126477027,-0.1277227489295989,0.2744721704259703,0.2717995414784018
2017-12-01,-0.16150053514301377,-0.133261299467397,0.306553114811009,0.27141651261325395
2018-01-01,-0.1065287113896344,-0.12956604731632657,0.3294416216564911,0.26681870386431994
2018-02-01,-0.19678255837629574,-0.13226683475691842,0.2564889293959327,0.2594770915179745
2018-03-01,-0.1879570560362634,-0.12443363451025262,0.23143937724304953,0.25983990031803617
2018-04-01,-0.17621007182674198,-0.11599857727334623,0.22035700956244594,0.2636111083534456
2018-05-01,-0.16347124396305865,-0.10881395671178538,0.15779357392217552,0.26877232034213017
2018-06-01,-0.15453322510901635,-0.10228207772892668,0.14385088810966942,0.2820349569957197
2018-07-01,-0.15785454762270476,-0.096635229212086,0.15843826696053534,0.2969686865608151
2018-08-01,-0.143838017559792,-0.09057004392257556,0.13937165383846672,0.31069331932254785
2018-09-01,-0.1504087252564561,-0.0857223989106571,0.15197202573955512,0.3262844252049241
2018-10-01,-0.1255906414916189,-0.07990663600724808,0.15258338593055965,0.3419563553280783
2018-11-01,-0.4373648660248962,-0.07603517903915313,0.4138763726034316,0.3580046263623175
2018-12-01,-0.3348607740506717,-0.03936561870290012,0.508610026932148,0.3523344795582405
2019-01-01,-0.04121179707517414,-0.006907022968995931,0.2857502422316586,0.3351684288683928
2019-02-01,-0.036370696458735835,-0.0022338851200990467,0.2794848825251966,0.3419003781207385
2019-03-01,0.006554999312611498,0.0018604324581210727,0.2996854512558672,0.349386398365427
2019-04-01,0.002626603933131187,0.001314300223866143,0.303778250598798,0.35516825005288716
2019-05-01,-0.014216832794692278,0.0011775228586580703,0.23857179185361432,0.3605244710814105
2019-06-01,0.13435332493860355,0.002679132581414917,0.3924390369074354,0.37242008613463623
2019-07-01,0.14006135938003833,-0.012336493945302451,0.41472459848468285,0.3701372007576318
2019-08-01,0.10255300151136516,-0.029049190137185085,0.34294513176905345,0.36524752799690047
2019-09-01,-0.011942234378949923,-0.042673332340265394,0.27689491014763323,0.3675563878560818
2019-10-01,-0.0908857341905203,-0.045794649288275056,0.21071411456299324,0.3767647541584899
2019-11-01,-0.10351895884793785,-0.04145944232879891,0.1915511866897356,0.3927294152430587
2019-12-01,-0.1615449578647683,-0.03600530051291992,0.24849538093100831,0.41041009743881435
2020-01-01,-0.1648294141061785,-0.025540641302085054,0.2449805444045916,0.4239068869411491
2020-02-01,-0.14770900801736328,-0.014816922747093147,0.2594701132962848,0.4376822666850342
2020-03-01,-0.06100137351981276,-0.005087583560896017,0.4528124599727614,0.4507295936488291
2020-04-01,-0.025900824581188614,-7.055738936133024e-05,0.6077601445994976,0.4505427024567519
2020-05-01,-0.025364294776133823,0.0030497535414330777,0.744584186462653,0.43155074625334244
2020-06-01,-0.009645827787368076,0.006767090908877185,0.7072126473918314,0.39059738080734135
2020-07-01,0.012374875604950628,0.008681993499855722,0.6952873443971699,0.3536577355470076
2020-08-01,0.1295439710266327,0.008289024981988038,0.6806105837463583,0.31730410246883634
2020-09-01,0.08388190314465224,-0.0036727040934619037,0.5893625058730418,0.2814641318766538
2020-10-01,0.0041444356208899386,-0.012299065053460342,0.5672891948025143,0.25112829237176004
2020-11-01,0.0010375225056201923,-0.013834507861350424,0.573330316536271,0.22160617336637245
2020-12-01,-0.01600572315735694,-0.015107326635248546,0.5908050283576214,0.19150395587398927
2021-01-01,0.03177802495571002,-0.015035994261919733,0.6483895632290602,0.15979958873535388
2021-02-01,-0.0014814318207318142,-0.018647058228915697,0.5949417474009702,0.12211152688944288
2021-03-01,-0.02364872265760249,-0.019883739255649863,0.6017374689791873,0.0880469289150656
2021-04-01,-0.02716048010300086,-0.01962895954642889,0.5776676171279169,0.05328504222010022
2021-05-01,0.037934467597517674,-0.019148633279386935,0.5476325289708197,0.019842296785709368
2021-06-01,-0.01794028359290832,-0.023302640920004065,0.4028874776506658,-0.018565649234389914
2021-07-01,0.08445540025835202,-0.023690165229666812,0.38774320035948073,-0.049023024990770714
2021-08-01,0.09651570183764753,-0.031224153192189394,0.358111714087849,-0.0794504537011026
2021-09-01,0.3360342588720116,-0.03958975191428432,0.39041243617865107,-0.108106111019935
2021-10-01,0.2240802853587443,-0.06673425583789261,-0.03564575272807585,-0.14413159999785433
2021-11-01,0.12577022021746212,-0.095951164234268,-0.038407708254249634,-0.1550307147702519
2021-12-01,-0.1178597038740809,-0.1178597038740809,-0.16655436535311322,-0.16655436535311322
