date,DJCI-GSNECI-0,DJCI-GSNECI-smth,DJCI-MSCI_W-0,DJCI-MSCI_W-smth,DJCI-GSCI-0,DJCI-GSCI-smth,DJCI-MSCI_EM-0,DJCI-MSCI_EM-smth,DJCI-SPX-0,DJCI-SPX-smth,DJCI-GSECI-0,DJCI-GSECI-smth
1986-03-01,,,,,,,,,,,,
1986-04-01,,,,,,,,,,,,
1986-05-01,,,,,,,,,,,,
1986-06-01,,,,,,,,,,,,
1986-07-01,,,,,,,,,,,,
1986-08-01,,,,,,,,,,,,
1986-09-01,,,,,,,,,,,,
1986-10-01,,,,,,,,,,,,
1986-11-01,,,,,,,,,,,,
1986-12-01,,,,,,,,,,,,
1987-01-01,,,,,,,,,,,,
1987-02-01,,,,,,,,,,,,
1987-03-01,,,,,,,,,,,,
1987-04-01,,,,,,,,,,,,
1987-05-01,,,,,,,,,,,,
1987-06-01,,,,,,,,,,,,
1987-07-01,,,,,,,,,,,,
1987-08-01,,,,,,,,,,,,
1987-09-01,,,,,,,,,,,,
1987-10-01,,,,,,,,,,,,
1987-11-01,,,,,,,,,,,,
1987-12-01,,,,,,,,,,,,
1988-01-01,,,,,,,,,,,,
1988-02-01,,,,,,,,,,,,
1988-03-01,,,,,,,,,,,,
1988-04-01,,,,,,,,,,,,
1988-05-01,,,,,,,,,,,,
1988-06-01,,,,,,,,,,,,
1988-07-01,,,,,,,,,,,,
1988-08-01,,,,,,,,,,,,
1988-09-01,,,,,,,,,,,,
1988-10-01,,,,,,,,,,,,
1988-11-01,,,,,,,,,,,,
1988-12-01,,,,,,,,,,,,
1989-01-01,,,,,,,,,,,,
1989-02-01,,,,,,,,,,,,
1989-03-01,,,,,,,,,,,,
1989-04-01,,,,,,,,,,,,
1989-05-01,,,,,,,,,,,,
1989-06-01,,,,,,,,,,,,
1989-07-01,,,,,,,,,,,,
1989-08-01,,,,,,,,,,,,
1989-09-01,,,,,,,,,,,,
1989-10-01,,,,,,,,,,,,
1989-11-01,,,,,,,,,,,,
1989-12-01,,,,,,,,,,,,
1990-01-01,,,,,,,,,,,,
1990-02-01,,,,,,,,,,,,
1990-03-01,,,,,,,,,,,,
1990-04-01,,,,,,,,,,,,
1990-05-01,,,,,,,,,,,,
1990-06-01,,,,,,,,,,,,
1990-07-01,,,,,,,,,,,,
1990-08-01,,,,,,,,,,,,
1990-09-01,,,,,,,,,,,,
1990-10-01,,,,,,,,,,,,
1990-11-01,,,,,,,,,,,,
1990-12-01,,,,,,,,,,,,
1991-01-01,,,,,,,,,,,,
1991-02-01,,,,,,,,,,,,
1991-03-01,,,,,,,,,,,,
1991-04-01,,,,,,,,,,,,
1991-05-01,,,,,,,,,,,,
1991-06-01,,,,,,,,,,,,
1991-07-01,,,,,,,,,,,,
1991-08-01,,,,,,,,,,,,
1991-09-01,,,,,,,,,,,,
1991-10-01,,,,,,,,,,,,
1991-11-01,,,,,,,,,,,,
1991-12-01,,,,,,,,,,,,
1992-01-01,,,,,,,,,,,,
1992-02-01,,,,,,,,,,,,
1992-03-01,,,,,,,,,,,,
1992-04-01,,,,,,,,,,,,
1992-05-01,,,,,,,,,,,,
1992-06-01,,,,,,,,,,,,
1992-07-01,,,,,,,,,,,,
1992-08-01,,,,,,,,,,,,
1992-09-01,,,,,,,,,,,,
1992-10-01,,,,,,,,,,,,
1992-11-01,,,,,,,,,,,,
1992-12-01,,,,,,,,,,,,
1993-01-01,,,,,,,,,,,,
1993-02-01,,,,,,,,,,,,
1993-03-01,,,,,,,,,,,,
1993-04-01,,,,,,,,,,,,
1993-05-01,,,,,,,,,,,,
1993-06-01,,,,,,,,,,,,
1993-07-01,,,,,,,,,,,,
1993-08-01,,,,,,,,,,,,
1993-09-01,,,,,,,,,,,,
1993-10-01,,,,,,,,,,,,
1993-11-01,,,,,,,,,,,,
1993-12-01,,,,,,,,,,,,
1994-01-01,,,,,,,,,,,,
1994-02-01,,,,,,,,,,,,
1994-03-01,,,,,,,,,,,,
1994-04-01,,,,,,,,,,,,
1994-05-01,,,,,,,,,,,,
1994-06-01,,,,,,,,,,,,
1994-07-01,,,,,,,,,,,,
1994-08-01,,,,,,,,,,,,
1994-09-01,,,,,,,,,,,,
1994-10-01,,,,,,,,,,,,
1994-11-01,,,,,,,,,,,,
1994-12-01,,,,,,,,,,,,
1995-01-01,,,,,,,,,,,,
1995-02-01,,,,,,,,,,,,
1995-03-01,,,,,,,,,,,,
1995-04-01,,,,,,,,,,,,
1995-05-01,,,,,,,,,,,,
1995-06-01,,,,,,,,,,,,
1995-07-01,,,,,,,,,,,,
1995-08-01,,,,,,,,,,,,
1995-09-01,,,,,,,,,,,,
1995-10-01,,,,,,,,,,,,
1995-11-01,,,,,,,,,,,,
1995-12-01,,,,,,,,,,,,
1996-01-01,,,,,,,,,,,,
1996-02-01,,,,,,,,,,,,
1996-03-01,,,,,,,,,,,,
1996-04-01,,,,,,,,,,,,
1996-05-01,,,,,,,,,,,,
1996-06-01,,,,,,,,,,,,
1996-07-01,,,,,,,,,,,,
1996-08-01,,,,,,,,,,,,
1996-09-01,,,,,,,,,,,,
1996-10-01,,,,,,,,,,,,
1996-11-01,,,,,,,,,,,,
1996-12-01,,,,,,,,,,,,
1997-01-01,,,,,,,,,,,,
1997-02-01,,,,,,,,,,,,
1997-03-01,,,,,,,,,,,,
1997-04-01,,,,,,,,,,,,
1997-05-01,,,,,,,,,,,,
1997-06-01,,,,,,,,,,,,
1997-07-01,,,,,,,,,,,,
1997-08-01,,,,,,,,,,,,
1997-09-01,,,,,,,,,,,,
1997-10-01,,,,,,,,,,,,
1997-11-01,,,,,,,,,,,,
1997-12-01,,,,,,,,,,,,
1998-01-01,,,,,,,,,,,,
1998-02-01,,,,,,,,,,,,
1998-03-01,,,,,,,,,,,,
1998-04-01,,,,,,,,,,,,
1998-05-01,,,,,,,,,,,,
1998-06-01,,,,,,,,,,,,
1998-07-01,,,,,,,,,,,,
1998-08-01,,,,,,,,,,,,
1998-09-01,,,,,,,,,,,,
1998-10-01,,,,,,,,,,,,
1998-11-01,,,,,,,,,,,,
1998-12-01,,,,,,,,,,,,
1999-01-01,,,,,,,,,,,,
1999-02-01,,,,,,,,,,,,
1999-03-01,,,,,,,,,,,,
1999-04-01,1.0962760767623538,0.7861797149459243,1.0915452572194337,0.4514638635366074,0.7724506120106261,0.832289144898177,0.9331689158293938,0.5154537270971695,0.6762056457373271,0.07797070754211266,0.7003821272546413,0.781502048885145
1999-05-01,1.1084694041284242,0.7800831677820119,1.0547159467644747,0.439497289282041,0.7913370116205963,0.8365645133974142,0.7382835115262929,0.49720182539733904,0.6614497833175924,0.07104998690989506,0.7171831863423338,0.7887972852368601
1999-06-01,1.188108299515052,0.7737462571192328,0.9479598410946269,0.42526440483850136,0.8361417596519097,0.8396567065787482,0.7527410841650073,0.4812213015160292,0.781932402144358,0.05861677309428215,0.7585049404722751,0.7948297487000788
1999-07-01,1.274470361485656,0.7642540790985766,0.8910231158673736,0.40532035197597105,0.8525853589977055,0.8398974511264905,0.7085186174719211,0.4643157704310664,0.3418863515229217,0.04283099392759493,0.7850278710177006,0.7977903019512377
1999-08-01,1.182665449991251,0.7525501386567552,0.8093703413945876,0.37755737338744555,0.8367922904821324,0.8388953724171107,0.6453884791430327,0.44214548942433984,0.3290112387630959,0.03502020979698062,0.7710501410687342,0.7989443312651823
1999-09-01,0.8595338226459706,0.7424996776977622,0.7928693207642683,0.3527938224241187,0.8586068469519802,0.8390568478117711,0.6669278095915973,0.42424820562833676,-0.04448591742080832,0.024407370623484276,0.8105591882621916,0.8013701570748767
1999-10-01,0.8941078951212785,0.736497178335409,0.7085090041239193,0.32889493092176486,0.8772944048697094,0.8374682315850583,0.576416043311139,0.4045125802826527,-0.09193809029901678,0.028095801563016637,0.8340214017607432,0.8005978164144886
1999-11-01,0.8928881778499234,0.7285884359764069,0.4083055877546766,0.3087184052189928,0.8680733979322491,0.8343075569890922,0.5744459786969709,0.3909627392360718,-0.024222097530859688,0.03431765391874781,0.840971676795581,0.7979117427532643
1999-12-01,0.9006736834246696,0.7200032793236439,0.42404889905597887,0.3019145870520069,0.81892729607512,0.8316204127395578,0.5145877506560382,0.3775557890903479,0.07008381706285784,0.03738247881363602,0.8030844881569333,0.794555411968849
2000-01-01,0.9148436806690523,0.710835631893661,0.4905993364540093,0.2937773542924656,0.8504145448312603,0.8326741164545712,0.5382138968067522,0.36561927590371324,0.12347622346489814,0.034990867290081135,0.8353440417472197,0.7938701838787676
2000-02-01,0.9266165259930661,0.7009704327273496,0.22908861230981592,0.27895839212197215,0.86432560486707,0.8312799429535229,0.4982838537333267,0.3480293477791071,0.025868778162670733,0.028806127293088665,0.8557176204973209,0.7907132164283935
2000-03-01,0.7013698495224865,0.68852782386899,0.2240211390696181,0.28349039594003483,0.8367709573839438,0.8285662168933445,0.4968194507956005,0.3339642840349247,0.006836853892837041,0.029011137232208817,0.8074445008546113,0.7855768934846911
2000-04-01,0.557030542300757,0.6876567450938008,0.22067849295759664,0.2885008830520789,0.7147319050866782,0.8279194405116852,0.49217281878880453,0.3200068210132075,0.035512843459906844,0.031006042914386748,0.6420528002502438,0.7838667888712525
2000-05-01,0.5752603708942654,0.6990091705539704,0.25516294166583264,0.2948110695274873,0.7247538562110196,0.8372208940333571,0.41922376822465957,0.3063921241570409,0.024977182976288793,0.030578292044243213,0.6556199021961293,0.7961422222296508
2000-06-01,0.5795541700961658,0.7092083953961342,0.12551358642092422,0.29908537976139565,0.8274427291915623,0.8462125140063402,0.27371685872695956,0.2935440002625528,-0.25436793980984646,0.031065197313758286,0.7707523797624237,0.8078695396239847
2000-07-01,0.5099301949310208,0.7190810949847813,0.1830778686412124,0.31673097162075103,0.8436259726049845,0.8481186195202577,0.3125878899375197,0.29567722579115724,-0.1805006701548685,0.060813230354111986,0.7895966849421797,0.8117985117828477
2000-08-01,0.5826204742570703,0.7342670710654323,0.28510948816628334,0.32964568767146274,0.8447443861383266,0.8485693399553108,0.40240996817766284,0.29399425434590976,-0.1846944617980967,0.08466034507264616,0.8021343235352988,0.8141142979851004
2000-09-01,0.7550720581190884,0.7450093482625374,0.43320542751423213,0.33398802061089644,0.9050040398945829,0.8489948840893803,0.42798372021462,0.2830332012586075,-0.16330565153771734,0.1088872944087895,0.8763944066177548,0.8154791236407047
2000-10-01,0.7551984344008683,0.7442928122778022,0.38057620256037794,0.3246606885309914,0.8787818719242729,0.8410584543742233,0.35011598387952625,0.2697057530747571,-0.15367832768234305,0.1313674615788781,0.8518486661597539,0.8067812384406026
2000-11-01,0.7153493989903238,0.7435677831454458,0.4046740006724501,0.31910480029223154,0.8786168156793963,0.8362228835272201,0.359556518017767,0.2612606384575145,0.00994239678650466,0.15396112493551625,0.8425924047532756,0.8009710277212694
2000-12-01,0.8149985678411378,0.7456910679633862,0.06677437732822189,0.31093801407881616,0.9185061157347632,0.8314060622566971,0.10060733061283295,0.2497535268439308,-0.125243155281803,0.1708676538271822,0.897676478954756,0.7962088599487557
2001-01-01,0.8020743098820152,0.7393989736884687,0.07405604232790279,0.3389648475142375,0.8635337434513166,0.8205243598362212,0.1067991372507733,0.268736836274097,-0.0801838396864275,0.20448259601481616,0.8164697928756774,0.7838103345894183
2001-02-01,0.7839169094271703,0.7341476180664388,0.06398469003002517,0.36649322974595766,0.6944218124514862,0.815309935591835,0.036851037707301734,0.2871651176828901,-0.06049696012245838,0.23797145760869282,0.6719240577544743,0.7797709066738793
2001-03-01,0.7839434949513714,0.7299216551302306,0.1166158061854388,0.3950650764584494,0.6942877417364909,0.8334221675380769,0.07732233016987589,0.31669188188815056,-0.020744351358026845,0.26981884389150207,0.6669135762555022,0.7958522508908137
2001-04-01,0.7914152466931041,0.7256936113557517,0.27504853995136647,0.4288073660437291,0.7484238744919879,0.8521722475338114,0.23767546160759098,0.34509743357511685,0.22137944904638548,0.2997044427804284,0.7323971722442572,0.8134326325620005
2001-05-01,0.8285704884970546,0.7185589723673322,0.3298390925958489,0.4491356079288291,0.7784447448854563,0.866681676211192,0.2422275881070172,0.35868812225919344,0.19119602434147456,0.31058727309191786,0.7675627772772451,0.8238286323661166
2001-06-01,0.8375209493832344,0.7074495033583865,0.34364016756084304,0.46370369448399196,0.7846833492943025,0.8782529823563542,0.23439677852608767,0.3717700637145639,0.12745042659025493,0.3252693426028246,0.7740458963343199,0.8306000946796784
2001-07-01,0.7638997386584168,0.695465962494789,0.4211479008618471,0.47689546131034327,0.8282215012427765,0.889407560865129,0.2737218209004588,0.3856661921799929,0.2364339715412093,0.3488870168556506,0.7945603903965041,0.8368729060891471
2001-08-01,0.752419206377692,0.6896182857756176,0.43236668633236325,0.4825827320425301,0.8303105624640736,0.8975283509875176,0.2914677091702703,0.3960095074423205,0.2547317324477584,0.3616178208604984,0.7978425153328728,0.8426464206756793
2001-09-01,0.7598339790518368,0.6846579622873663,0.4385323924924871,0.4874299613728982,0.8331822855266413,0.9054070921518413,0.2940534642193602,0.40582883804348374,0.27128110066187866,0.37314572191291273,0.7988657445012599,0.8480316669045974
2001-10-01,0.9959253669706499,0.6791321983649287,0.7180777265881653,0.4921060473731633,0.8895155236691776,0.9129891307440219,0.6392754481014955,0.4154291380153695,0.5968872059289708,0.38336064956504545,0.9001237938745221,0.85330745151846
2001-11-01,1.0350490369514653,0.6478456524919449,0.7102464832568052,0.4661674196040106,0.9156146799023939,0.9170282246895899,0.5737961186209083,0.3902343686884504,0.5346210877085102,0.353609493420742,0.927893751939967,0.8457835636997705
2001-12-01,0.8786927752115004,0.6118277259853158,0.6853286154749825,0.44102505280685256,0.8853649020652439,0.9172445094534274,0.5296192094996923,0.37128952356982414,0.5367927063982542,0.3309953155157166,0.7797409787673499,0.8339579783121857
2002-01-01,0.8490332241859953,0.5838732936431683,0.7053283727355106,0.41655094967892947,0.8856366846903425,0.9215654675770064,0.44970150949202076,0.3542383392448528,0.5506203949151294,0.3077793824064662,0.7682219959166013,0.8418100766906547
2002-02-01,0.839682919101457,0.5552285791012261,0.7141487785124288,0.3897554898293424,0.8961008071283066,0.9258539924370592,0.4377032475292678,0.34444468007667606,0.5697084154164803,0.28303051716873423,0.7794881466832996,0.851140466039324
2002-03-01,0.7857871508937097,0.5274520983885949,0.6675309470624139,0.36039458464653307,0.8533078759057312,0.9290582063100006,0.43624439715545965,0.33574394592891604,0.4281195865968975,0.25567263986435407,0.7412371552088644,0.8592919929685959
2002-04-01,0.7965568870490874,0.503798943171441,0.8246016143953587,0.33425963054275215,0.9892128655106524,0.9373113600666179,0.6412353402238019,0.32716718815488843,0.5982916361391132,0.23824793757693608,0.9140137164491897,0.8729847605548302
2002-05-01,0.6269533089639968,0.4792395144604653,0.7432811545879449,0.2945994985733225,0.9904728962148478,0.9293515823698962,0.6494549291047093,0.30113794738020605,0.5742016889485049,0.20382405538518372,0.907495098851184,0.8665234487078581
2002-06-01,0.46986069208431164,0.4629450527630873,0.7442444262284527,0.25429046532756694,0.9704464251067366,0.9212229970716498,0.6582090413564404,0.27395809342948846,0.5633267167061577,0.16730409843309824,0.876845431844201,0.8609386836976641
2002-07-01,0.46633689702472897,0.4621156944916796,0.5303770152563259,0.21390008974045488,0.9663879361458786,0.9151683706819481,0.4118706672159429,0.24587981174970155,0.30783865578607705,0.12838669008547196,0.8932276537538774,0.8588943294916506
2002-08-01,0.3936498946590959,0.46152268464248336,0.42077537337551235,0.18571482699260125,0.964317979172704,0.9091331554912632,0.3756050593810453,0.23199522431026884,0.2430743774222185,0.10719992556643215,0.8967848944409863,0.8548789075780691
2002-09-01,0.46425777990058226,0.470704847171202,0.4369471384816757,0.1572746398924053,0.9983068130389503,0.9033147105889563,0.4202327824234261,0.21764543461900582,0.25493516218442375,0.08342475322283238,0.9443503394226773,0.8504812012138877
2002-10-01,0.49310465915840707,0.47153494662173384,0.17826534450501264,0.12703472182326245,0.9926486408550452,0.8933290566843423,0.17210620558000536,0.1989973322203818,0.16444106036120446,0.057850528650554595,0.9599821421426881,0.8410099041276843
2002-11-01,0.4245485843460035,0.4687854069323419,0.14987742410822744,0.11985372357472791,0.9428152354681831,0.8830403395012918,0.1505810197897656,0.20213177962587592,0.16866562457504364,0.04266186267116856,0.9005850546185392,0.8295766334780559
2002-12-01,0.430191038354711,0.47436342866513853,0.16226642077750703,0.11585646056885444,0.9451904762727446,0.8770324803689143,0.16735062253130073,0.20779290897248057,0.18208588582411628,0.02670495646585011,0.9038301956018531,0.8228062632009493
2003-01-01,0.3268141797047265,0.4793979467277113,0.057877233428282826,0.11022042607196655,0.881887821762812,0.8707590797288058,0.08435010252831504,0.21223543191600472,0.12638538156447782,0.00821654064992848,0.7965381979234735,0.8157076573142495
2003-02-01,0.39396213733520685,0.4971117204211874,-0.05902201406450007,0.11761462625773718,0.9329055780023422,0.8696803378169453,0.0043879504014184,0.227082809621162,0.029854470661896823,-0.00537619730085883,0.8573731704015278,0.8176361399857031
2003-03-01,0.32738303520402545,0.5082015016988026,-0.0836597985063816,0.14150423621657354,0.8538859818183682,0.8633825192322416,-0.03591815256291839,0.2510154674342301,-0.04818068214642422,-0.009180298952467358,0.7744083031345653,0.813604197436803
2003-04-01,0.4514754553757906,0.5271824895455502,-0.040416580824791395,0.1697464319148873,0.8002417858064761,0.8643809077611833,0.10794595087038256,0.2815848366628319,-0.06237754851079087,-0.0032153333905763845,0.7712356841746525,0.8178919556898928
2003-05-01,0.436350493991818,0.5348775621958449,-0.10747042113644881,0.19331571079407564,0.7630520798542465,0.8745567084462711,0.016841111535602735,0.2994187388659023,-0.10996136899134495,0.004639365045455188,0.7281261404744729,0.8251125549727292
2003-06-01,0.595054111178678,0.5440095287509954,0.09213438841151975,0.23154628170792899,0.8302179718613649,0.8916852559792819,0.23355247872471113,0.33112397877842836,0.06256448473831236,0.019775681686705217,0.8045507425687481,0.8399713755754056
2003-07-01,0.5944366024472834,0.5388605860001314,0.07581024990412975,0.24972896498462588,0.8320858208860711,0.9011440925380848,0.16530302152281595,0.343128599896365,0.01422414577248856,0.014213742933444098,0.8034973034614732,0.8452218160461796
2003-08-01,0.5994119082802476,0.5334287752443507,0.07711827725721182,0.2700555484911913,0.8321486031018294,0.9103564249352794,0.20157944394534483,0.36497751746048734,0.0024262053076521337,0.014212403098092477,0.7913018497718821,0.8506085852532402
2003-09-01,0.5628288057773196,0.5270019688090904,0.10990363675070111,0.2902462762579172,0.8422764900787165,0.9195613691636569,0.23644348152698552,0.3845224042698537,-0.010139532910822367,0.015563192167916658,0.7979915183239299,0.8574105863101243
2003-10-01,0.5593434199291295,0.5230577430986899,0.10522040349311394,0.30793630064481026,0.8181601562870983,0.9278048955771224,0.2326696393802614,0.403462550148194,-0.03057953380419238,0.018218046595600272,0.7701956487020831,0.8635361477082648
2003-11-01,0.6191287301141288,0.5194547774946182,0.2621245311391753,0.3260937721829574,0.8665018890538712,0.9389242468079646,0.35911023388311375,0.4228685997143187,0.04483544819349016,0.023134478847653107,0.7930323009962434,0.8728089659817364
2003-12-01,0.6237537424017219,0.5074080152184182,0.2615648039600987,0.3322700963172215,0.8669916672248237,0.9457336106877701,0.3659766361902373,0.4308839829777103,0.026036813171485942,0.021092966988302195,0.794550684236568,0.8800394738599798
2004-01-01,0.45292993407412985,0.49485122883269367,0.478885702621743,0.3384957574318901,0.9718868036553474,0.9528302872016724,0.49312876752046575,0.43814708589604767,0.1292704435421525,0.020663954879549307,0.9048561740524462,0.887551951505064
2004-02-01,0.45744073450857287,0.49917362517516783,0.48647232337103524,0.3234964258546818,0.9710318464247011,0.9510148821407958,0.5006017628111245,0.43216642280975,0.16308932538970905,0.011765271481115253,0.8928760914809941,0.8858597242803588
2004-03-01,0.5790450446369826,0.5033247727471908,0.5139689319374446,0.3076554599137113,1.0287660394143727,0.9492737787627241,0.5864387805365499,0.42540418947698916,0.12310088504200481,-0.002058214140049086,0.9726458870880246,0.8852322771899914
2004-04-01,0.6019452907794546,0.49499763574665656,0.43336396642471975,0.28932520990597854,1.0163730990806603,0.9418301791660517,0.5827638241193113,0.41028639968480707,0.014082865160287436,-0.012587822898724364,0.9300406153079934,0.8774438342192127
2004-05-01,0.6114572305677959,0.48357039527477724,0.44077623364590657,0.27701496399211933,1.0123167316641954,0.9354374809695343,0.47318491879122615,0.395481392431631,0.03181452343570787,-0.014953623945269938,0.8983928487536492,0.8730867741375292
2004-06-01,0.6210644828622721,0.4697419883345774,0.4565015891171152,0.25990382204662643,1.0429316353429026,0.9293638942943492,0.41341386443717026,0.385045658765902,-0.1560554976682793,-0.01878209247611054,0.9462296730615847,0.8711349990180112
2004-07-01,0.6264732340473544,0.45496632061505304,0.3623698154970685,0.2412724696625686,1.0299005896486606,0.9200553314335438,0.4067244634725782,0.3816164865934514,-0.20560517943871087,-0.005572264821626649,0.9586381903182764,0.865194382949834
2004-08-01,0.4621063480905113,0.437519788656845,0.17485978210795325,0.23003989589061674,0.9159525171129846,0.910954355333319,0.34603542231634676,0.37890662350992227,-0.2609151428873589,0.013031887307921597,0.8208940136402607,0.8579698020118204
2004-09-01,0.43165309010317343,0.4348943850768121,0.16387099022984342,0.23615414757221717,0.8919114940865656,0.9104689826362886,0.2655826414193882,0.3822422856694763,-0.20608607411550936,0.040130854298150054,0.8027149213287594,0.8615910358969531
2004-10-01,0.4175135959199298,0.4352123271423983,0.2877212160563424,0.243389577102368,0.9598669650175504,0.9122597197929369,0.5003325984659254,0.39398226439967865,0.014989073121814966,0.06350686366168878,0.9201200928570326,0.8673238377713164
2004-11-01,0.35514156245746487,0.43679375818190536,0.3013265586028925,0.23925965436163282,0.9143221345354104,0.9053260522610489,0.5051357588469709,0.3830606444660876,0.008288435420156254,0.06798961747081635,0.8721424090012233,0.859898732727739
2004-12-01,0.3391200467963779,0.44398788707732345,0.23156651581399862,0.2337986449795353,0.9016054822842585,0.9040870456106587,0.35658874288233355,0.3716654122773597,0.011675175522121098,0.07305237400939311,0.8613228954207647,0.8582492116288309
2005-01-01,0.3031537137618682,0.45295449029947055,0.1293378762290441,0.2340391560764144,0.8821378661685245,0.9043913023519826,0.3261183626510965,0.3735179258482405,-0.06021670239478396,0.07888565059840114,0.8388705634528804,0.8578801574803572
2005-02-01,0.225157467377946,0.4648775330810375,0.08402102440284523,0.2452078915174945,0.8326385412437692,0.90715193809241,0.3115589849815421,0.37875660337443323,-0.07981156695458579,0.09169740012130022,0.770564639246399,0.8602365013788913
2005-03-01,0.40747310972151857,0.48581755858066994,0.18657997359938616,0.26343279213132187,0.8953251570311374,0.9160616634476227,0.4462589540119994,0.38555532878535004,-0.07056897347545811,0.10955665277351677,0.8278572053849428,0.8713098054727392
2005-04-01,0.38618463836263245,0.495356552261491,0.007161721096964474,0.27165846118732806,0.93819854439842,0.9184238053747581,0.19602744185985294,0.3790339033940499,-0.17878259523212722,0.12654991486143716,0.873841232623928,0.8762407833570441
2005-05-01,0.46833495511135026,0.5072382625203631,0.2088644272837954,0.30199620578636854,0.9828675263252643,0.9163103131435224,0.32202157331238845,0.40108898256797,0.09685738614646608,0.1549314884220142,0.9330012153559109,0.8764965882922809
2005-06-01,0.47029042710574825,0.511183219291884,0.19097074000511574,0.3137385093174136,0.9709688438759208,0.908586499406455,0.2993617634864404,0.4103776267508073,0.08961468939260847,0.1612286338777036,0.9263029929536643,0.8700249497608453
2005-07-01,0.4628860417473723,0.5149528817351092,0.19542819342359186,0.3279292302455422,0.9201834374350628,0.902057099906614,0.3112049086496576,0.4224475171969459,0.10541924645618304,0.16829475030105234,0.8831628167724569,0.8642235500666583
2005-08-01,0.516443076775306,0.5193574471546414,0.2607432513404717,0.34167951255147994,0.9382507930654971,0.9001711164904491,0.37302369594462187,0.43363216413404415,0.14116403624094903,0.17404806669844677,0.9087675266843397,0.8622897671168974
2005-09-01,0.3278446292938435,0.5195999067148669,0.24635499816635298,0.34985640100854276,0.8737129800005938,0.8963493226344198,0.37685208566668965,0.439703546010754,0.04682151337037209,0.17684086625218998,0.8492880328040905,0.8577944200186347
2005-10-01,0.3617235161649442,0.5359374571616078,0.28659959139614594,0.35936412007663454,0.8692570820008606,0.8991746367579488,0.3782302121414853,0.4454268159482003,0.03989534290672181,0.18743397817375265,0.8381417691549266,0.8588335072444537
2005-11-01,0.361823480671727,0.5514129095361022,0.35595570732176973,0.3661333887901775,0.8585177976638494,0.9024959226444192,0.42669670340498805,0.45285407979941394,0.16095696140334417,0.19855891492212124,0.8411615608999985,0.8610911755923938
2005-12-01,0.3794895999527886,0.566880207921847,0.38273914958237476,0.3671071588663519,0.8611032861878603,0.9075228770035146,0.4256197736758015,0.45596300080901964,0.22013534480123365,0.2016638543701467,0.8416835629747096,0.8632864561162207
2006-01-01,0.44332290101608207,0.5847741613075987,0.39877323430745204,0.36555673954883305,0.892032509149194,0.9122855395840029,0.4570651465630013,0.4598706807932023,0.2407680442693699,0.19982803129294427,0.8719934620116228,0.8654299573068563
2006-02-01,0.5323409201352689,0.5999293891299201,0.4999060764792237,0.36255197568442066,0.9398082590542832,0.9142526179620379,0.5328160265844921,0.46019612918257596,0.2773804356698433,0.19611196000841324,0.9304365443150533,0.8648261205875243
2006-03-01,0.5632514572856504,0.6079553702899556,0.5644298803472305,0.3466187338080556,0.9331035502771007,0.9117273054615719,0.5694533651347647,0.45053662526560045,0.391617136295112,0.18930491603539423,0.9121489482692208,0.8588239438210754
2006-04-01,0.5487106284627284,0.6127254067253249,0.5783613541840946,0.32330581575693007,0.9290201441007306,0.9092100998270152,0.5571104302906069,0.4364529176644405,0.38971552910191254,0.17264664265967158,0.9021604587673475,0.8526985900535599
2006-05-01,0.5951155885914126,0.6189223188551536,0.6554217573597415,0.29837625732124584,1.0002735305083517,0.9070223110790745,0.6492130529197736,0.42363481926177765,0.33827151024443647,0.15613182003801193,0.9663882967641619,0.8472789189341323
2006-06-01,0.5787096244325325,0.6225908255003528,0.3811198589242469,0.2656692782912038,1.0079023702555086,0.8970076133645989,0.36183753723435247,0.4007730603708876,0.23014336505716393,0.1431761032880099,0.9586866453595952,0.8351584578654522
2006-07-01,0.5777841732627238,0.6292102876094765,0.38651511866141963,0.2522503066777587,0.9731719040282666,0.8862180447299034,0.3653909136313068,0.40591817537582114,0.20963436899693585,0.13670298940261236,0.9250840875890578,0.8237363375154418
2006-08-01,0.5931039417595856,0.6359515627761614,0.37158079039561237,0.23822049300352438,0.9815209871043479,0.8783657403215418,0.36459915561361994,0.41065532341972094,0.20642813247337144,0.1284942304029363,0.9383000953347768,0.8150039847967262
2006-09-01,0.583057591891153,0.6410345214648754,0.20575895314254772,0.22555256106531238,0.909839997374685,0.8695336512572284,0.30468740588764925,0.4154754067868006,0.08864199844653335,0.1206079554901354,0.8546460551264414,0.804988521298933
2006-10-01,0.5941454096818909,0.6471949309186145,0.10981940269567043,0.2277118523959456,0.8747545201034961,0.8657485757783324,0.2730439444538757,0.42645790023876334,-0.07410862098901015,0.12416383347686309,0.8160714892131413,0.8003895109207052
2006-11-01,0.5462667362266137,0.6522951884673134,0.1872533280709993,0.23997460397253756,0.8840196300554292,0.8647561126855792,0.31593060550370955,0.44037621520979187,0.04362068531114088,0.14871296637650996,0.7987985000162144,0.798620019181285
2006-12-01,0.5960164394915761,0.665223293251985,0.24448615894090356,0.24597298281282004,0.8392009425947778,0.8628402397002924,0.41297546998332973,0.4511765559302995,0.07033624013518705,0.1638683305629824,0.770470796385678,0.7986018592818095
2007-01-01,0.6609339619124053,0.6734252306365155,0.21452579390500365,0.24613002840172798,0.8805614284267246,0.86562008543222,0.3580183759806538,0.4548232403884782,0.054386509071374434,0.1757418999559568,0.8198571905741212,0.8019911241142238
2007-02-01,0.6779699567024443,0.6748148757503339,0.20214336290211227,0.2491613231010037,0.8946340316813797,0.863828480439544,0.4012221539953466,0.4633528645654446,0.08224445498077508,0.18943122338622947,0.82701657054294,0.7998128448929386
2007-03-01,0.6789716127104188,0.6744734307895702,0.12601815389693838,0.25328441107448796,0.8952609065828995,0.8605076986651725,0.350075883891061,0.4686448521894894,0.07243116782621362,0.20044088921709974,0.8386250356275649,0.7968532600139595
2007-04-01,0.6446270392722654,0.6739930992107054,0.1306170784011479,0.26437326867408506,0.8876176651832581,0.8569423582100977,0.3530447609339835,0.4782295876417335,0.03051961166062102,0.21238853813072905,0.8196995527451222,0.7926376856443382
2007-05-01,0.6228446377899872,0.6769233791053394,0.13407934081015072,0.27515017947885523,0.8802621835563577,0.8540335663583264,0.35488970843707807,0.48783548806421473,0.04102265108004313,0.23164743639931257,0.8006510277706441,0.7900587225271669
2007-06-01,0.6072577818864592,0.6820907770226373,0.11730063100787307,0.2867758780303958,0.8800488356636014,0.8517515847695227,0.3120197298216002,0.49742038189326615,0.03622380959866857,0.25147639012408113,0.7994117026076081,0.7891224676024923
2007-07-01,0.6017746789704603,0.6887693687718297,0.11604709375508036,0.30114225844449505,0.8038035482118869,0.8494864120396489,0.2796245338668849,0.5114460399589827,0.036169958048811096,0.27310490824615996,0.7331906003273096,0.7882850831198482
2007-08-01,0.625642929447399,0.6959586396022868,-0.03367334007804011,0.31581147567677975,0.8065084176196402,0.8531890837336036,0.35426415772635445,0.529571560464781,0.03275525473980963,0.29494998864154176,0.7622551119488877,0.7928003322582395
2007-09-01,0.6389803946611763,0.7024763338908238,-0.027608922633208466,0.3466718041321333,0.8227962466354513,0.8573029916262294,0.3929877627002109,0.5435162446421316,0.16908061391081053,0.31708576982078485,0.7819202125146286,0.7953749186191985
2007-10-01,0.7781453230811963,0.7078743684853016,0.3719098761635294,0.37705077851275776,0.9602166188877911,0.8604075437367564,0.6712550623475848,0.5548122260338885,0.35934527115152415,0.3327136003276833,0.956482907609117,0.7965486020467331
2007-11-01,0.6122434059725769,0.6982602467646114,0.39018439837931895,0.37760438804850854,0.7970737466614518,0.849089330140786,0.5880768023522472,0.5415948104071086,0.37884235427811386,0.3299518458765088,0.7021397073841018,0.7807200588961561
2007-12-01,0.6266464604370441,0.7103614422726366,0.3899211101221369,0.37632900334164265,0.8141191992170169,0.8560946322539126,0.5819548111990255,0.5354656051047253,0.3668398451384215,0.325135137431254,0.7191244664033066,0.7916698187070716
2008-01-01,0.6294534105791689,0.7207505226535608,0.34999528529145607,0.3744826682437554,0.8077237133043286,0.8611643726044975,0.556504630703882,0.5290275430559255,0.35376912247728226,0.31909924412932644,0.7150931459588432,0.8006511868987264
2008-02-01,0.6147724615611311,0.7308466698827607,0.27094741394310073,0.37756923832908584,0.8085533739123927,0.8670817238575582,0.4207288160856924,0.5256121396918499,0.2689668156966414,0.3146680096997986,0.7123825348040814,0.8103361618244369
2008-03-01,0.6329866599221844,0.7429051052877692,0.2301431299364074,0.391915036081168,0.8293492373321861,0.8729187607822315,0.451316286584589,0.54018903153885,0.1980865601714617,0.3209930874892033,0.7460191728867135,0.8203080083237124
2008-04-01,0.6225217489147353,0.7551914211776106,0.24958101179328512,0.41142829823186344,0.8366137240667882,0.8772417632177483,0.4636583385821943,0.5512572855503747,0.2247775604738485,0.33665986879156967,0.7563545275847885,0.8275678079501654
2008-05-01,0.6191751729257804,0.7699522057292484,0.2480213179100207,0.4292547065488519,0.8263470670728742,0.8810060176807125,0.4576723515374421,0.5615258757718409,0.2216144102612559,0.35014980520768346,0.7366304728234236,0.8339610472303178
2008-06-01,0.6180930086282309,0.7851843434116894,0.24831989462279083,0.4472719228611707,0.7614033205217646,0.8856844578390051,0.45909891781873347,0.572514581603289,0.22065896219940956,0.36406567710812165,0.6714679685114695,0.842152222863589
2008-07-01,0.6010297122014304,0.8005196153067082,0.08776001216268886,0.4652626215089406,0.7705421598053771,0.8965928857418545,0.3134182645105661,0.5833795162906981,0.09812595134123725,0.37807840472841203,0.6962715286774335,0.8571431644111751
2008-08-01,0.6413147659873635,0.8214753699555528,0.16460306594467172,0.5048074851610576,0.8089093124302107,0.9077722549684499,0.3714528275120572,0.6104333091533325,0.21149712149414346,0.4071875635002695,0.741059814167894,0.8709051906432598
2008-09-01,0.6685649113729404,0.8390014522561913,0.17220737384743615,0.538892617397362,0.8271830106486817,0.9167889038300192,0.41474537826992286,0.6330331415063771,0.18363700673964226,0.42871426486253716,0.7640627112292733,0.8825740219378538
2008-10-01,0.7230748180044047,0.8545531245161172,0.3268522107935814,0.5723127268649244,0.8664756945058849,0.9247602855847602,0.4999301096646331,0.6530580371918681,0.27358070006860796,0.45324708806591196,0.8199145494663652,0.8929663906879028
2008-11-01,0.8615241752071423,0.8678382395145012,0.5356790051253923,0.6021220762318419,0.9440619307535506,0.9303448699523187,0.6432688331474301,0.6709315057677881,0.5353811130704507,0.4705985322816474,0.9323143281531823,0.8996984573020907
2008-12-01,0.8785528193876292,0.8687271593032939,0.54568448189674,0.616928903169073,0.947633216359742,0.9284082712734542,0.6603369498989003,0.6764946231949035,0.5190812999259659,0.4576303501757724,0.9326359370455398,0.8953696445394967
2009-01-01,0.8419375381891966,0.8674752743980411,0.549584707402337,0.6312811366872603,0.8968731510459975,0.9258795274731929,0.6291089408837585,0.6793062430635906,0.5397122358172977,0.44498227798247125,0.8550873664215544,0.8906683846405697
2009-02-01,0.8741693200023127,0.8703926322288119,0.572785888253916,0.6449843089433077,0.9224751170297774,0.9298565124257678,0.6574916667209176,0.6868289353027136,0.5727425401616331,0.4283859833627679,0.8785678260122731,0.8956254379530207
2009-03-01,0.908913455572783,0.8699843795529634,0.5854269874919041,0.6570504585133048,0.9305852003117525,0.9307621681865389,0.6953877063602006,0.6910714215483682,0.5927595723786389,0.40611153342902734,0.8725595514924683,0.897735240333001
2009-04-01,0.879262619064827,0.8659212867877062,0.6045016919342763,0.6696596591004128,0.9484216366357094,0.9307815200448302,0.6687626538173695,0.6904890697877449,0.43579355230821004,0.37581895249684694,0.892948703111745,0.9005071412707996
2009-05-01,0.8456412312360787,0.8644569596693961,0.5474522932723968,0.6799300431013684,0.9492557703762196,0.9289806342955752,0.5432637243259105,0.6936165528817246,0.3246639543761045,0.3661587060763921,0.8921454537113764,0.9012695912372571
2009-06-01,0.9718680650168138,0.8663714820451354,0.7224305102760671,0.6994137732455423,0.9319159261145029,0.9271005494045729,0.7389905301333769,0.7161677505219608,0.4471254979379244,0.3734616144304159,0.9375116206034291,0.9021104143614146
2009-07-01,0.9297160118398652,0.8509552904529946,0.7237844324621423,0.6961438424465853,0.9170993700031128,0.9262555644207949,0.7421243682036143,0.7122605239020519,0.4418523301247036,0.36201392226103035,0.9063247608933844,0.8963597217910301
2009-08-01,0.8787624234988628,0.8401128358635166,0.7128933431157832,0.6927049222683973,0.9221672978616543,0.9276316631470212,0.7127513086280898,0.7078874973000224,0.4377028659665423,0.3512573667339388,0.9068133541047446,0.8949417240339683
2009-09-01,0.8592125650749272,0.8349104090152141,0.6659658063613197,0.6903124150435176,0.9205790452518274,0.9283489070783268,0.711743575090823,0.7072016258571604,0.34827537598668357,0.34098619151569937,0.9020246292935973,0.8934628429494014
2009-10-01,0.8586523055911194,0.8319804223662022,0.6430340237149719,0.6930319888443894,0.9196896877477326,0.929255110201905,0.6375291726083603,0.7066401142269638,0.3366202568464968,0.3400590346647388,0.900666232436533,0.8925045251867062
2009-11-01,0.8760121518021697,0.8291080131634208,0.5672945209536155,0.6982229355537026,0.8999816133404087,0.9302549311533757,0.6097694907601471,0.7150972894870522,0.3559703020434523,0.34045892071478423,0.8870397283740247,0.8916819710512627
2009-12-01,0.8003203915211335,0.8243992492164642,0.5862056243205652,0.7110440106491845,0.9154475523512836,0.9334689718679592,0.6353921289521097,0.7266813267387461,0.3345703668664934,0.3388297626213071,0.9080738404810043,0.8921562776378382
2010-01-01,0.8029937587864949,0.8272073135163752,0.5742004764023028,0.7222507404746381,0.9108688909449797,0.9352823627139994,0.6382037110208776,0.7359234286730669,0.33520159651088555,0.3392367056136661,0.9050969801196695,0.8906479969208985
2010-02-01,0.8751751041683785,0.8297447185548188,0.6957624639073958,0.7345242771082394,0.982982717110284,0.9375604545781276,0.7459065318788163,0.7449197564938669,0.3425991459354429,0.33958861443201355,0.986993662651322,0.8893740564499522
2010-03-01,0.8768634757282727,0.8246587443192444,0.6944684033835138,0.7377943141280036,0.9313258826279257,0.9330782838614842,0.7323167469663685,0.7448199086223349,0.2122609680030174,0.3393470831115891,0.9285883270554599,0.8803899877938354
2010-04-01,0.8599491402041354,0.8192851397449805,0.6451940915700763,0.7411652291228115,0.932095370765143,0.933252819067347,0.6455570051700719,0.7459741536237772,0.19690940597712817,0.35100495110563684,0.9254215020833891,0.875835322532853
2010-05-01,0.8565677894475614,0.8154420151167168,0.5963999273294963,0.7488360073448201,0.9300058977051526,0.9333577767621877,0.63240617711567,0.7559062761020426,0.20097885023762405,0.36665519440886685,0.9244837147196096,0.8715147886606508
2010-06-01,0.9544315731628508,0.8118420901310697,0.7100760746216942,0.7607072115917668,0.9549629176030796,0.9336392812379551,0.7421464477602815,0.7671311820952057,0.4067050357405667,0.3830376499088738,0.9303824495370763,0.8672339419038066
2010-07-01,0.9316573285647375,0.7993561185163682,0.6939455038123119,0.7660250583022977,0.9387942927082515,0.9313692347683716,0.7435108431467731,0.7698110432581088,0.364965715920509,0.3799652060160117,0.918266663104547,0.8603654898741838
2010-08-01,0.7844953279334452,0.7885425038439651,0.7662067393800678,0.7731672255613767,0.9850228777049226,0.9306475023300222,0.8068744999147257,0.7723647293730337,0.3153978698950434,0.38200502006349224,0.9729927419934792,0.8546442623922729
2010-09-01,0.7506551070495396,0.789084111480594,0.7716443012395511,0.7738775237521661,0.9419039596769161,0.9252147762610061,0.8154540282644993,0.7688187392152298,0.30776914792996496,0.3900759018870868,0.8715053144963356,0.843649718098542
2010-10-01,0.7923319747783689,0.793700977831064,0.7965671740954536,0.7740914099850152,0.9562393177335458,0.923538306778817,0.8021532483184923,0.7644444795940071,0.4034326196090495,0.3989885526167852,0.907477903740482,0.8407816084316809
2010-11-01,0.7713703488940413,0.7938764869964805,0.8148682431163029,0.7715054346402286,0.9704318318983416,0.919888036575856,0.8137591030171147,0.7598640027164972,0.4431445797589965,0.3985233063725568,0.9240711388314592,0.8333850471254691
2010-12-01,0.7464867623788197,0.7968248960738538,0.7698123556235629,0.76698215939179,0.9329896866301952,0.9146137335029221,0.7936641768253275,0.7540084169056925,0.44312175085874406,0.3937107132790889,0.8467135929563849,0.8242540623392639
2011-01-01,0.7903963675879692,0.8029208582805764,0.852375019411427,0.7666946819547936,0.9614126080667744,0.9128231847614876,0.8509999260390406,0.7499804801005104,0.49497152274253753,0.3889003415221315,0.9181790220706456,0.8220438171989446
2011-02-01,0.7883801481838756,0.8046458339427096,0.853383445939402,0.7582612224882488,0.9394014360596817,0.907368747559974,0.7790450062934199,0.7404956798251092,0.49708783017470737,0.37938810392866074,0.8999478930033855,0.8120359540179496
2011-03-01,0.7890169291246862,0.806636625627527,0.8512430581795575,0.7496959213063417,0.9105679179989716,0.9040133701286981,0.7521581217333028,0.7369645424828264,0.49870372770173116,0.3695627723669268,0.8534939727812566,0.8034542729928764
2011-04-01,0.7856889569646107,0.8085586824421757,0.8115100662564029,0.7412356821335162,0.901558477204272,0.9033648204688238,0.7356625721551067,0.7356585906548079,0.4462746358834047,0.3595680621403962,0.8194444920513323,0.7986872444833818
2011-05-01,0.7774063798764327,0.8108119626686038,0.8113908919938219,0.7356344522433091,0.8941455359371536,0.903530252500607,0.7331230835102028,0.7356582641659483,0.4464165052288099,0.35282885947977755,0.7953255670138681,0.7967805579316009
2011-06-01,0.7804941139532453,0.8138329497718033,0.8367601536555234,0.7300362969585814,0.8966263937105252,0.9043260581641686,0.7579928208687925,0.7358507998722366,0.45971384130415055,0.3460669512266559,0.7820656631755968,0.7969072781268617
2011-07-01,0.8040611855537886,0.816598261677352,0.8613161675167488,0.7224834292167507,0.9035032664006873,0.9049805695691415,0.780485120672436,0.7342602948318367,0.48547592480364715,0.3383907399665925,0.7974638865252368,0.7982763153613328
2011-08-01,0.7685651855376444,0.8176045604629003,0.7433303147152853,0.7131682270493908,0.9049415128443445,0.9051056204004073,0.7474932809212718,0.7311315563577688,0.4962024750514588,0.32631308940569925,0.8031953847313816,0.7983497922037326
2011-09-01,0.7213109822941977,0.8216487599263044,0.6277368332906281,0.7110955494908275,0.8933493174037215,0.9051187104596121,0.6373151881744592,0.7300771141376085,0.2704897931108198,0.3131065441558264,0.7590758435692185,0.7979461464652085
2011-10-01,0.8409086467442779,0.829660684200375,0.8512925445810413,0.7176989305815833,0.9894714571694379,0.9060079810528763,0.840808488867125,0.7369299477339006,0.3139371450441005,0.31943388739311807,0.9370962192751502,0.8011720694561307
2011-11-01,0.869775406092605,0.8281773704446638,0.8112613285055118,0.7043993124751833,0.9291169399693835,0.8964977032056093,0.8174664305645074,0.7255458010053084,0.3611727764167994,0.3201477246179775,0.8501161680981829,0.7868692154885996
2011-12-01,0.8227124136389519,0.8231984029968845,0.7742270344361264,0.6919329848182569,0.9009488339170637,0.8923383576662431,0.7654997196683485,0.7143556152122666,0.3630831803130415,0.31526824038131673,0.7840746817308338,0.7787637806890437
2012-01-01,0.8382340978323332,0.8232543428163336,0.7889495055896013,0.6827547170969621,0.9153245442183232,0.8913431929705559,0.7741294803828936,0.7083025017799652,0.36833560713436836,0.31017497568713265,0.7997422127153437,0.7781207880237017
2012-02-01,0.8408726129602014,0.8216859160555161,0.7751070236187141,0.6716540739064267,0.9312415331333683,0.8888224694468589,0.7063888037435974,0.7009056220862757,0.4014349093841396,0.30457315422194586,0.816357513527099,0.7757478657367368
2012-03-01,0.8428179656175652,0.8197174160614307,0.7354240403723936,0.6605107342244949,0.8514765817654177,0.8846775034428925,0.6882292130212432,0.700198447798826,0.38446942148228425,0.2941429832396061,0.7346977947833552,0.7716891819972336
2012-04-01,0.857081828373418,0.8175629343636066,0.7335401528817238,0.6526037203404238,0.8595265210103687,0.8880128286965975,0.7001647022774404,0.7016343948092789,0.30923214836799323,0.2843647608218404,0.7518505687699181,0.7755715410543519
2012-05-01,0.861001181320322,0.8140175431077996,0.7144686101171405,0.6448761224219186,0.8651079289121142,0.8907791572766394,0.6996972939229786,0.7018027622302835,0.3225007551347839,0.28179680387190237,0.760224569330178,0.7779354132017321
2012-06-01,1.0025838198174617,0.8100383505869592,0.7818853638359508,0.6382097275617895,0.8964562289698973,0.8930982482161645,0.8072945665938481,0.7020295788781328,0.5604843114677284,0.2779433225783482,0.8194310328653909,0.7795637989647966
2012-07-01,0.8261201390507197,0.7914186120191645,0.7410870189890583,0.6167971947756139,0.9056386843901102,0.8926417552729887,0.8162562816905329,0.6872691377448451,0.46330409239999504,0.24608520069340042,0.7976825241747469,0.7739003654453418
2012-08-01,0.7394719964925828,0.7871450999004657,0.723818332848835,0.59805110117626,0.9155233539638286,0.8910806124077153,0.8172374163657392,0.6708228420495387,0.5175387116980183,0.22239584644357624,0.8321261055635192,0.7709225558028193
2012-09-01,0.7392867574027591,0.7945440076035881,0.7284058122263898,0.5815278246195812,0.8869787241802772,0.888144188453858,0.8147545421519682,0.6542654526495905,0.5158052937715826,0.19198897162387651,0.7844104521718708,0.7637809294830555
2012-10-01,0.7426621887991176,0.8019678123383668,0.7165465655811473,0.5637863823314715,0.8569206667660548,0.8882807372160719,0.7583425698772001,0.6379575640852451,0.48690041329383166,0.15751094008724748,0.743472593646785,0.761305760653196
2012-11-01,0.7659125619455203,0.8090192056064106,0.7431567478710177,0.5465144668134484,0.8826999539617648,0.8916296525796443,0.7839819671858494,0.6254306802105795,0.4940482296623984,0.12115030702810375,0.7736053528363303,0.7632741381441402
2012-12-01,0.7624523318389748,0.8139507090945981,0.7429516526167341,0.526210470975414,0.8780076983261362,0.8925321032452944,0.7912616057243564,0.6102930614782293,0.2899686425218042,0.08405716760233795,0.7691374835326601,0.7622120676455081
2013-01-01,0.7471728501864152,0.8192395532731864,0.7350130685903313,0.5059256389919177,0.8945907144432939,0.8939266501897847,0.666016468162047,0.5944673370631649,0.22844102271073957,0.05876379147126118,0.749379337805032,0.7615295481780844
2013-02-01,0.7634639396304244,0.8273077940418474,0.6835847783238181,0.48630901889196265,0.8280990763937797,0.8938682253529695,0.6478030820637811,0.5883433908067944,0.2708373319076165,0.03952441861043321,0.7099285729303314,0.7626230374927935
2013-03-01,0.8707981700817224,0.8338307857724898,0.7449246418489235,0.4665468190829653,0.9564673355535487,0.9003854832693361,0.7920983006303408,0.5836377048722627,0.09254677126420938,0.008943855672647702,0.8626349593349523,0.7679383767242336
2013-04-01,0.8596667352898543,0.8289909420294419,0.6928081513628255,0.44098308301654204,0.9530610998014725,0.894047996114278,0.7679832427379911,0.5675659514387497,0.05345987514682212,-0.0015059724352659912,0.8473765865106478,0.7580367195711145
2013-05-01,0.9504101819582114,0.8253508981575591,0.5720244012182142,0.41873712301608224,0.9558356631058376,0.8880496516780964,0.8544913608655142,0.5523964556764398,-0.016763079962845658,-0.008761424863629495,0.897519647095166,0.7494981717163841
2013-06-01,0.9448939958985718,0.8105415654339085,0.5756137866440212,0.40598487792696525,0.9533997434378215,0.8790900677277071,0.8058910708560377,0.5307007724384795,-0.048022328137344195,-0.00781374594005587,0.8902476066932079,0.7313371977948732
2013-07-01,0.7782085697083274,0.7962866582804726,0.6818984266530128,0.3928891508423305,0.974432908048703,0.8703236014234037,0.7995341364407303,0.5104483965182958,0.07130773807078285,-0.001194029684909212,0.773478762896507,0.7136155346656707
2013-08-01,0.7704914537914679,0.7992781943406407,0.6419478279194996,0.36942973531732626,0.8840154037629933,0.8593061846200611,0.798795695269644,0.48086179964922,0.1414833483626235,-0.012562450405271514,0.7049401402441766,0.7073861609186006
2013-09-01,0.7962080304006794,0.8033697231661866,0.5244165715864216,0.3424015179046896,0.9046363974512337,0.856353176291281,0.7362013827208209,0.45134353443133207,0.13726256176834933,-0.037803614142189246,0.7366088275577726,0.707686060177616
2013-10-01,0.7931634512179084,0.8042891450692631,0.2701941387710756,0.32494175871455466,0.8351980896309951,0.8508750332363595,0.4283043053947736,0.42667276193327913,0.09233584650218501,-0.06245651780523265,0.683932743404414,0.7043870251101458
2013-11-01,0.7905271573485537,0.8055552572607619,0.2136227247337802,0.33177471620021387,0.8326013011208632,0.8527677856751114,0.36106337219083123,0.42649172015939096,0.05438245869230542,-0.08252549727377323,0.6851473443823461,0.7069182874379919
2013-12-01,0.7845142548040565,0.8071170703693443,0.19888991883813856,0.3465867050350674,0.8259542384316925,0.8549731205402801,0.3861602046509436,0.4337394618977115,-0.0403013095786803,-0.10052671563303074,0.6574589050245271,0.7093395021044759
2014-01-01,0.7490413416408023,0.8094487326151505,0.2025732967492713,0.36311456015367743,0.8146173067388072,0.8578358746724843,0.32634331177056536,0.4386101958550448,-0.040473700745283316,-0.10946581509461134,0.6464831999885067,0.7145821454807989
2014-02-01,0.7754348361268577,0.8152761466552283,0.28656942129245006,0.37936485578644785,0.8433658425735854,0.8618242953166673,0.3593746221258496,0.45022812480544827,-0.026493464972515667,-0.11838271775568163,0.6730857859607949,0.7210623812546568
2014-03-01,0.7527528749804467,0.8188261260870485,0.3685629748501598,0.3913467422449964,0.885552830152086,0.8634116385525136,0.4001525327729061,0.4634407519485386,-0.10741246975137927,-0.1289253603908406,0.7205157192485694,0.7252774270224507
2014-04-01,0.7148598944426388,0.8261579696950246,0.3537414061025781,0.3945774791839753,0.8489738245593046,0.861472006422016,0.40739620090390205,0.47165975837612084,-0.07400361340420854,-0.13126402446739527,0.6478370836824472,0.7256715888097671
2014-05-01,0.7111572437255225,0.8384757292147191,0.34561907382241186,0.3997027790817412,0.8354956486483883,0.862499401257843,0.390815405541553,0.4792549669129732,-0.07802034482186655,-0.1372044816019254,0.6265388560843719,0.7319808935205206
2014-06-01,0.7193654016726246,0.8512993631054311,0.29392398388094887,0.4058063783146592,0.8296342706780909,0.8645725537229821,0.30447110766845253,0.48885375753922505,-0.09692891250322418,-0.14287948170604114,0.6017708284462551,0.740071111029815
2014-07-01,0.7133427167744413,0.8641256837358542,0.2862115713172425,0.41759981805826074,0.8143917870846307,0.8670648863193954,0.2994343630771617,0.5084557989675035,-0.07083569074732247,-0.14693305898463604,0.5899905911261927,0.7499972014245859
2014-08-01,0.8287854308951096,0.8775458655765923,0.4335726497251672,0.43090555722426177,0.9237840950224029,0.8706730079946486,0.2453818281596183,0.5294533242869387,-0.16250676892434068,-0.1539570832796193,0.7502768537031931,0.7610901293387891
2014-09-01,0.8359279528625547,0.8820745358123663,0.3393447665052415,0.43063241654084283,0.9209833653557179,0.8662946408036996,0.19115442307251582,0.5555905659992323,-0.13808600882146363,-0.153216736670847,0.7566589114922607,0.7619253281069548
2014-10-01,0.9824950842157414,0.8860080930841003,0.5373923559875884,0.44006199574816574,1.0349833108327702,0.8619357694203809,0.49537661266333033,0.5881123394789054,-0.3523096924290119,-0.1544407924408679,0.9427937242310387,0.7623201254871556
2014-11-01,0.8936072046379376,0.8763363632628152,0.5363311713566452,0.42965801865516573,0.8565343029148058,0.8443640227984773,0.4946579503005703,0.5997201452045507,-0.3007804721540552,-0.13827593626215964,0.701809068233038,0.7465698014932808
2014-12-01,0.9309438611160851,0.874601529876176,0.403868897856237,0.419327672813713,0.7584969564218318,0.8430134462008252,0.5269304624054161,0.6114334530726009,-0.42704726779968183,-0.12373501168686896,0.6495146157213789,0.751369200411992
2015-01-01,0.9947448440405098,0.8694088271637708,0.5078382271267204,0.42076562765164954,0.78596483513678,0.8563713787186621,0.6248446700705819,0.6199627499776635,-0.41769046893833833,-0.08337973123358644,0.6916329186665624,0.7676125941860952
2015-02-01,0.8941602039375254,0.8584258692483862,0.5825444747973749,0.41279775666495144,0.822437297432051,0.8678541376764838,0.6562628584813416,0.6194229298402166,-0.25472446281103894,-0.04410619709771546,0.7273452243016025,0.7802346933967871
2015-03-01,0.8868001054851067,0.85422248099193,0.5400587096400603,0.3977277397562635,0.789808451660696,0.8745483840259844,0.6598400379647419,0.6157260144695719,-0.23234985671282038,-0.019479322988922076,0.6884327355263556,0.7879461069186131
2015-04-01,0.9122830986718155,0.8507843710051071,0.5928312223391036,0.3842928819308785,0.8063315521461992,0.8861957869733899,0.7031640251983649,0.6116632131646774,-0.18345788647943923,0.0034296562903777805,0.7119610156898447,0.8018122321638005
2015-05-01,0.9277523501544974,0.8448542685681646,0.5737714897404212,0.3652952059567146,0.802240472602564,0.8968073961323777,0.7330675045134464,0.603696777879141,-0.204122475770311,0.021911131456666705,0.7080831293706757,0.8139787074639655
2015-06-01,0.9427299078200316,0.837539169622957,0.5808587323013114,0.3478399159343022,0.8033725723883927,0.9093369217434808,0.7435626867361134,0.5921579490270713,-0.19599628890922058,0.042346928276269125,0.708293857311979,0.8286513485473407
2015-07-01,0.7788771690259427,0.8286929612906312,0.5223546170902718,0.3298225099410147,0.8064477266900018,0.9217343544454054,0.6820381684814409,0.5786432916348813,-0.21509226946387916,0.062127878722019525,0.7002180247344316,0.8432983595413428
2015-08-01,0.895718037075904,0.8337306257479253,0.4770262168541719,0.3152839405986488,0.9522235535442607,0.9338259268284816,0.8953257058702603,0.5697576830505844,-0.11638604731347534,0.0844882445339551,0.8774696404156808,0.8588669435971393
2015-09-01,0.8975301197424206,0.8248973861056076,0.40933482790015785,0.30390276043354253,0.9527689639025164,0.9314707751962615,0.7367198254180876,0.5354282363930738,-0.054655037328949975,0.09965205464739083,0.8758157988636435,0.856559995605228
2015-10-01,0.9065825424089732,0.8157703765836235,0.4435422944773615,0.2944344514415683,0.9395779343814005,0.9290536522708127,0.7506652017627224,0.5104878744763652,0.08948283570348564,0.11223699011533499,0.8625180659364422,0.8544350916513203
2015-11-01,0.9005031358306171,0.8056029749435947,0.2937129172362325,0.2807264533903361,0.929019834462681,0.9278913020890056,0.6425317741491358,0.4830174028349423,0.043125849323310775,0.11486641593174321,0.8527389103253499,0.8535523357427126
2015-12-01,0.8819767323622013,0.7960200033789624,0.35561457353402526,0.2792338726217453,0.9942241407988439,0.9277783882846966,0.7174290485526551,0.46448145971781196,-0.04538477695788544,0.12442614895171668,0.9122107778650168,0.853632881074503
2016-01-01,0.8547310492282053,0.7852051173304928,0.41129095997332493,0.27119469534712604,0.956915241748188,0.921364906645974,0.7359421464012763,0.43642340848912775,0.03430799317858728,0.14520521147818022,0.8602064969622998,0.8482127581136693
2016-02-01,0.860424209232666,0.7773871077106984,0.38154289323857987,0.2559914996186381,0.9665606150752248,0.9176795990988148,0.6690129875776027,0.4033768718605957,0.1236932613422229,0.15832707568337873,0.8700365737251454,0.8469478889116219
2016-03-01,0.8476844009712078,0.7689860495081635,0.4081660619847253,0.23790012904042596,0.9618299322542246,0.9129499036418307,0.6852758988640711,0.3699032710028471,0.1562698713923561,0.1644359714225078,0.8716811924206265,0.8446592541824368
2016-04-01,0.874632918991889,0.761742119128392,0.4303328293419979,0.2157712375709347,0.9767348293912869,0.9086363438732689,0.5822089992026519,0.33428602587844025,0.2246051994169536,0.16570320884147804,0.8865582594906997,0.8422222007066097
2016-05-01,0.9596754974101017,0.7520586895239838,0.3905392680785108,0.1839218010233604,1.0255627550241944,0.9026869717183599,0.5105802898519892,0.29539008097323183,0.28548933241695795,0.15617328284955334,0.9680697630167663,0.8382044615835742
2016-06-01,0.95296185048182,0.730689336168293,0.39065615420467564,0.1570816286072816,0.9742095238287335,0.8895204446580393,0.4881770971235762,0.26576836193778236,0.2807074595730827,0.13787212388131959,0.913923390156865,0.8244033557324764
2016-07-01,0.9183760721566698,0.7097659472496801,0.35318708305377616,0.13022509113111766,0.9943000507730372,0.880922943471657,0.5268244277318976,0.23743360818367815,0.2790342862485345,0.11971430886789594,0.9124358447043235,0.8153311105197483
2016-08-01,0.9433213304677956,0.6881720415673556,0.16081498268833075,0.10696319466203179,1.002754099522568,0.8704029508048537,0.3877434700988274,0.20327167889643263,0.14012992542560698,0.10174463098823214,0.9605388735063447,0.8063955645931208
2016-09-01,0.8679729598553204,0.6575184697833837,0.15756095651891575,0.10134696260014836,0.9744293424145647,0.8556640278928656,0.3400609809675561,0.18276405187763542,0.12354624941747958,0.09761533143160817,0.8808196098265814,0.7901498312928265
2016-10-01,0.8827701919332709,0.6306752059508259,0.16548616218035023,0.09603688430915891,0.9859980308965722,0.8436590837098618,0.3557121965143234,0.16654094681857323,0.0955578174935937,0.09508293032286573,0.8976484344187905,0.7811521928486063
2016-11-01,0.8569233420476648,0.6018863168962982,0.14823249783683487,0.09003752000544772,0.9856860077773183,0.8300023782997636,0.35333083457646114,0.1487781527364635,0.09442393082320594,0.09504025016215305,0.8953895098741345,0.7701930407534601
2016-12-01,0.8673375658266732,0.5749512700360206,0.15005128515172428,0.08488686070359756,0.943840230487446,0.8163690047288183,0.24321681514579935,0.13110704502874712,0.07231697236318987,0.09509160486571892,0.8636387798774608,0.7594017998627303
2017-01-01,0.7732698133695501,0.5466398957562929,0.18390543134664503,0.07958789849887729,0.7333177306180797,0.8048661621059929,0.18378594500253032,0.12097890801273836,0.12040265127651598,0.09686109505238802,0.6619139870917363,0.7501300567261807
2017-02-01,0.5307709292013083,0.5252176869660627,0.11441120082745809,0.06967071417017143,0.7309188456063729,0.8132909282546638,0.10315425380894475,0.11534124911155458,0.1162808486355909,0.09368961991649358,0.6381811745308172,0.7606717575982079
2017-03-01,0.4858955745056747,0.5245258082962106,0.03631764390033161,0.0637084784488804,0.6990740812461049,0.8220047836510893,0.06526934886499407,0.11703589561503591,0.05486758328115329,0.09094618736042345,0.6294698982563968,0.7742750488453788
2017-04-01,0.6128473168086428,0.5290414894122553,-0.009495505221255168,0.06880086878559533,0.7917166126799351,0.8340746018662044,-0.06439458823872331,0.12429054711453984,-0.07307207012160008,0.09609633535454204,0.7487261967920468,0.7888194032699858
2017-05-01,0.5724563006080187,0.5185888097653439,-0.08323223326531647,0.08119971162213681,0.8406469623275974,0.8390084952961574,-0.12620889812795677,0.14905269829976536,0.0017896434490522473,0.1186571247941895,0.8027992100642144,0.7930919662698471
2017-06-01,0.5604301672449578,0.5125666423229494,-0.18932104315299753,0.10474451608246932,0.8629715244865984,0.8388249636437186,-0.22670871512423074,0.18189674820963148,-0.09235611212395436,0.13293092479360347,0.8294015032283176,0.7920630592940715
2017-07-01,0.44713015245684096,0.5077482046683461,-0.19045679462618115,0.1519789360682165,0.8514282967517284,0.836374860041177,-0.22780392372666242,0.23425958722104195,-0.09260213794894565,0.15999489671405306,0.7820393221543095,0.7884465368694754
2017-08-01,0.3623575024906178,0.5144821306495758,0.06933483895268444,0.19985222221214444,0.9286828995737567,0.8349607860935014,0.1338615246954557,0.2872624630867126,-0.05143532880725739,0.19072395239601653,0.8615719408388834,0.7890540875022866
2017-09-01,0.35707381200276944,0.5299744244526405,0.0715891602833847,0.22056593036032418,0.909695302938134,0.8249165944431538,0.1205608339164515,0.31286377937533005,-0.04599402785515429,0.21713346717589282,0.85363933712489,0.7809134499028224
2017-10-01,0.3583432564579476,0.5464432295128351,0.10129869384035844,0.24133564883955408,0.8460348153048682,0.8164928745632372,0.1125343038643379,0.3419750199357329,0.012333607077805897,0.2435436830913962,0.8047079789974088,0.7734744783192042
2017-11-01,0.44887409357605856,0.5628031869296413,0.19466157280625562,0.2665543136211962,0.8348095800454622,0.8134716808686197,0.22102539878478886,0.37228453882100465,0.1844157610866369,0.2692311455564112,0.8304606210056643,0.7702412819379275
2017-12-01,0.43463650051750874,0.5730655281445952,0.16785845305692837,0.2795755775619015,0.7666909019224292,0.8110193480008506,0.22116685943161724,0.3933793010558674,0.18218408181067092,0.28219438910343975,0.7523753620309901,0.7637802137223102
2018-01-01,0.49890361555029805,0.5847416452857921,0.14833506735559154,0.3007644274564778,0.8081314022177992,0.8160566850694607,0.23587512215076795,0.41445726164187213,0.2195371324559207,0.29606231825117385,0.7983809002310668,0.7650169652162865
2018-02-01,0.5029340765781818,0.591666146004058,0.20376009287611624,0.3251624643496945,0.8254526753840877,0.8169304445939826,0.29512480374886374,0.43396507688932995,0.2758102686849493,0.30551022824697066,0.8175977488840896,0.7615666551429244
2018-03-01,0.45059549724051867,0.5982910013050655,0.3027136686591885,0.3443126701159485,0.8781750784758391,0.8160406912956657,0.39372526956042864,0.4505746510940829,0.3775948537750201,0.3093154293183679,0.8729412225820888,0.7560393439723072
2018-04-01,0.3598136239884683,0.6086465132052197,0.28979862375026577,0.3510650057594253,0.8758495948148285,0.809835234159892,0.38533913936230113,0.45759996874989467,0.37607168283108483,0.29970960817608183,0.848803717285425,0.7447306956263614
2018-05-01,0.4258777916828622,0.6305388499583411,0.256645816822391,0.36032481868226707,0.9046908466133884,0.8038351063317355,0.30932764884973274,0.4659095161910003,0.24185841107638914,0.29011413969019106,0.8791209108995804,0.7353640185482784
2018-06-01,0.447157964033715,0.6489761078846749,0.25881971601837483,0.3741091341040923,0.9140272819909965,0.794977438213246,0.24252660999179593,0.4827587998862231,0.2582530258681871,0.29618954105383355,0.8900674980052717,0.723240567013601
2018-07-01,0.5715175016815639,0.6669575902421347,0.263753212275342,0.3876406804727238,0.8299319080684131,0.7851262270325079,0.372700650422235,0.5077612463176214,0.19073722536447282,0.30048714590336145,0.7017679361151163,0.7101808299865918
2018-08-01,0.6208484382823435,0.6777346873895111,0.17325030093074434,0.4006553442264471,0.8930515545537709,0.7816490506316635,0.3459013054343407,0.5218922655374127,0.1452189858985655,0.3118421033939285,0.7816940780285441,0.7108289320139729
2018-09-01,0.6599273104578579,0.6836389198528842,0.11484611503816708,0.4230849236843991,0.8886949930700666,0.7725667156158998,0.3993916890762753,0.5386195195094781,0.0366387585956305,0.3276238438573281,0.7429424408749226,0.7052327126099943
2018-10-01,0.6728046552819703,0.6861808472997377,0.12282974874543585,0.45142062624426216,0.9159369247519034,0.7638117573926562,0.37573764757180034,0.5511073447278055,0.08498910850265334,0.3548895654760358,0.7783555055162393,0.702453211044794
2018-11-01,0.6953298028533164,0.6874795409349808,0.22252810517432964,0.4791041482362995,0.8803888189249398,0.75257920571431,0.3838026598745063,0.5656159279089343,0.1962269992288187,0.3786856034385323,0.7849502386261574,0.6970369695302465
2018-12-01,0.655494594880487,0.6867778390628044,0.22213874261795935,0.5163359699188454,0.5857759441787291,0.7418814430182641,0.34543355164884104,0.5883890917645684,0.1833689056555567,0.3981827772100544,0.5195318129670932,0.6901870741284156
2019-01-01,0.8120484394717391,0.689453418569901,0.44185810088937383,0.5536194921062888,0.7241831765419038,0.7609508724625232,0.5121383580084427,0.6173799681145731,0.4235973377286723,0.4231285699438757,0.6752188940840479,0.70997771592686
2019-02-01,0.880655292779919,0.6787683634729625,0.508570269265232,0.5720190987259839,0.7358089655564504,0.7657898304769342,0.5812435658777695,0.6301299931090841,0.4155306344977863,0.4230604855127269,0.6956453304471825,0.714376389866686
2019-03-01,0.8061299593707774,0.6611093650658618,0.5087311724059688,0.5825037325008142,0.71665502110331,0.7702427918903576,0.5728767585092314,0.6366612677680076,0.3958598051957346,0.42401582045608643,0.6670835227123825,0.7171053461729483
2019-04-01,0.7998964139220127,0.648613025069143,0.5091101472328217,0.5930522308889781,0.7169128791770288,0.7774564464555116,0.5733221186812653,0.6442307678671928,0.39535379696061096,0.4274735502643503,0.6674628661461249,0.7238589806396007
2019-05-01,0.6908466479661171,0.6365570594198201,0.5039646788665365,0.6035562832305003,0.7093612261417953,0.7846403129858482,0.5746560824855607,0.6517644775518174,0.3628798764964339,0.43098723203893363,0.6459310327445555,0.7305707958479344
2019-06-01,0.5456570770179447,0.6315715515808615,0.557221602454659,0.6146529863173099,0.7223746225468644,0.7926486960911654,0.6021688080911092,0.6591714442619733,0.4398133868824469,0.4379405965791461,0.6540595661709728,0.7397036445566522
2019-07-01,0.5842905246531808,0.6393095062163646,0.5659830086740804,0.621533027871102,0.7419033720657818,0.8009678023622032,0.6147499702614532,0.6657973355453458,0.478399003174968,0.43771499311095546,0.6796330778859604,0.7505312713965979
2019-08-01,0.5876524664122292,0.644354040557804,0.5719583554369482,0.6286630193193278,0.7446190618426038,0.8076854251357888,0.6177348162204452,0.6719551129992173,0.42841007729363867,0.43301242688109143,0.6801614725293091,0.7588817693878885
2019-09-01,0.6003762903859398,0.6493339888036288,0.6022198268424809,0.6351519002401761,0.7553261413957105,0.8141296625603457,0.6583446050966332,0.6779692681878482,0.4874455703804392,0.4335131952576638,0.713797703864083,0.7671767423130822
2019-10-01,0.5084018516236197,0.6546894628485878,0.606197369388987,0.6385765302628559,0.7580652685431428,0.8206163951601907,0.6621045617884963,0.6801444128527016,0.48840528727965077,0.42775824525257666,0.7043222468148945,0.7729118881095123
2019-11-01,0.5236482764908188,0.673375581101217,0.6188522474986058,0.6416784783101963,0.7696791059894563,0.8268380729699283,0.673596208770271,0.6819655913254346,0.47824919342146216,0.421646527641804,0.7137871494190998,0.7795922088481749
2019-12-01,0.5402975709810511,0.6908498040331165,0.5953554724615191,0.6436879211760299,0.7368396391595768,0.8320487598564934,0.6809910121932855,0.6827688051406098,0.42338289360088116,0.41645363125234947,0.6659397620961668,0.7854530466517922
2020-01-01,0.5552340111673432,0.7068567764364475,0.5825131715231022,0.6476269501305462,0.7513322351623384,0.8400975166863949,0.6993306000867496,0.6829247182473583,0.4288222074058448,0.41585163433209027,0.6854291729780146,0.7954423223138889
2020-02-01,0.6209922890866247,0.7225406661440649,0.6218666811493878,0.6525454588992927,0.8199190528587263,0.8473460717129717,0.769266354261073,0.6815676738465657,0.4930342850961707,0.4148142031188018,0.7548650308316573,0.8041422523901496
2020-03-01,0.6522371646042309,0.7339941301096434,0.636638846476018,0.6547176636284109,0.850231456036568,0.8495999869807142,0.7925381427223716,0.6739898545116989,0.5190788051293298,0.40887185475094556,0.7920748031262889,0.8079286107436378
2020-04-01,0.7930698561450163,0.7428213038009962,0.781399818439802,0.6562325962012943,0.8201198698513967,0.8495490384636495,0.8434168005863543,0.6635975414040894,0.6838882540486215,0.39846900468737245,0.8069387731536329,0.8091217165939799
2020-05-01,0.8234145098878612,0.7368361352332805,0.6357097838294051,0.6417755572838696,0.8391756583805976,0.8538334322585249,0.727593653246526,0.6397905311352298,0.4359258173455492,0.36171090443565007,0.822596224906352,0.8094166157699421
2020-06-01,0.8707427812746458,0.7274324415889993,0.6897125205350233,0.6424539924432042,0.8200538681811321,0.8557085983355036,0.7339697385067946,0.6289456978978104,0.3959265508452169,0.3513519518657886,0.7753631968263408,0.8078424896193499
2020-07-01,0.8560187508689067,0.7117914207737402,0.6971027930324842,0.637553134730506,0.8203031642528377,0.8609126170620379,0.714348892946923,0.6173969499976899,0.40654848583127856,0.34584402917384105,0.7787783248910334,0.8126956139702995
2020-08-01,0.6849584572813676,0.6968037741795619,0.704195672297071,0.6319045501358127,0.8236413592972721,0.8661988998606087,0.6913902633874391,0.6069813324771548,0.41724715270192775,0.33903825150265,0.7817069540656095,0.8171688613733548
2020-09-01,0.666813548359019,0.6983348588065673,0.691857041617741,0.625599218476409,0.8347449463011369,0.8711681144853747,0.7060207060769685,0.5980275915257356,0.43825286856065,0.3309401637361201,0.7895647773187194,0.8213042814737749
2020-10-01,0.6422167137737154,0.7024006348837838,0.6959010521508732,0.619554885246792,0.8387316635766406,0.8750126880940722,0.7125481728925322,0.587486072020723,0.44678702856616853,0.3198346024380304,0.7918336011994567,0.8246275290215584
2020-11-01,0.6276196567949065,0.7093802104172144,0.6626478593493059,0.6129882660573517,0.8390239723738377,0.8785250781738699,0.7128011478758288,0.5762867905821002,0.44340669419056855,0.307410895141794,0.7906245306914116,0.8278049838831578
2020-12-01,0.6746781949553982,0.7179991291962363,0.6928692943626368,0.6087737522720937,0.8402561440665792,0.8820215697026375,0.747685447172943,0.5650664092466643,0.4735644933870928,0.29526106336401126,0.7932985810794918,0.8311113744870954
2021-01-01,0.7154444188419544,0.7225050670430173,0.7606802695828485,0.600664422713932,0.8851264463895916,0.8861367182733975,0.7970528302359461,0.5486290292481674,0.5559589392282266,0.28052704808306017,0.851533509752556,0.834918722247413
2021-02-01,0.7169789232111945,0.7233370848250427,0.6849758702445206,0.5854794378438164,0.8538707040395628,0.8862399599304539,0.8060877457225368,0.5239190490022405,0.5373844856425969,0.25841443917901485,0.8315543981592407,0.8333068172307696
2021-03-01,0.7809425299419157,0.7240371361614326,0.7438363918630299,0.5764055479553899,0.8497804278074835,0.8895376503331688,0.773471060699152,0.49806607467429176,0.5802838292661713,0.23754907752049365,0.8256796131027093,0.8334748904674448
2021-04-01,0.7933716511139965,0.7180988131073779,0.6598193106716748,0.5620869067650834,0.8476055867332712,0.8943962725263291,0.7733472100104392,0.4748678020148587,0.556107782021492,0.21352084742691718,0.825156723769008,0.8344050589103289
2021-05-01,0.7410182459499733,0.7109278447100713,0.7578101012005571,0.5540036654289004,0.912500392744636,0.8997865990812169,0.765931125075202,0.4496081292502056,0.6995578912297653,0.19092733419765962,0.8705888108495796,0.8354483753330061
2021-06-01,0.7463708851386414,0.706595578778929,0.7638177892457618,0.5373475642751165,0.9128296014547103,0.8983511099639112,0.7762382243688547,0.42492298825860714,0.6090090819671393,0.1522478318227854,0.875900061804335,0.8318390718684464
2021-07-01,0.6670696369149982,0.7015073797800826,0.7594809124193881,0.5202085857856145,0.8935111972675527,0.8968419806562768,0.7700793458717828,0.3990256808411808,0.6001164864299003,0.11772846738624831,0.8063174567310963,0.8276561468897785
2021-08-01,0.6674533674832361,0.7057833466256753,0.7601918354025041,0.5030862753687706,0.8933370855022194,0.8971668581374801,0.42218805673525067,0.3734715760788199,0.6013496684523147,0.08262382869089024,0.8071087151942484,0.8297115907627527
2021-09-01,0.6648054506373672,0.7100343152593983,0.6019011650503685,0.4858349327864885,0.8929160854428029,0.8975085985726224,0.3633038711938026,0.3681426535370818,0.4262860671669541,0.04722829807502521,0.8064967372153309,0.83170185891605
2021-10-01,0.6100478337346088,0.7145505490780487,0.3170848228869318,0.477588697322077,0.8812381961464986,0.8979030693118566,0.24651491618942373,0.368644269212014,0.1936563624620918,0.01848746263203685,0.7761309135858274,0.8338650704244054
2021-11-01,0.6412548666200103,0.7243992823605718,0.3699982844350471,0.4933844239095374,0.8844065407825829,0.8993033668567912,0.22973417841015745,0.38231385155574865,0.2535711546188748,-0.00026463509609986335,0.794944533471111,0.8389518661624383
2021-12-01,0.7317535384419669,0.7317535384419669,0.5071111163736242,0.5071111163736242,0.9005927150056533,0.9005927150056533,0.39772524235427276,0.39772524235427276,-0.02692071487902603,-0.02692071487902603,0.8428482681232246,0.8428482681232246
