date,WTI,GSCI,GSECI,GSNECI,heating_oil,MSCI_ACWI,MSCI_EM,MSCI_W,gas,propane,SPX
01/12/2021,71.69,522.4443,228.0497,457.7122,2.118,726.53,1212.42,3101.8,3.86,1.033,4766.18
01/11/2021,79.39,589.7505318,280.8125173,458.466361,2.259,747.182532,1268.063695,3183.047918,5.11,1.255,4472.397236
01/10/2021,81.83,561.9143371,262.8794195,448.4743923,2.4,714.864204,1262.556319,3029.288827,5.62,1.465,4340.046163
01/09/2021,72.69,535.7618933,238.8844868,456.8783645,2.086,753.0689094,1329.500303,3191.351354,5.2,1.312,4594.668198
01/08/2021,68.97,551.2353178,251.6759123,455.4049695,1.908,737.7356038,1301.664648,3126.572406,4.11,1.135,4445.208202
01/07/2021,73.94,547.113527,247.8459989,456.849449,1.987,734.9315892,1403.206189,3079.930607,3.9,1.113,4386.805708
01/06/2021,73.18,532.5674589,227.768199,478.282642,1.96,729.7281051,1411.566681,3052.149726,3.35,0.99,4274.927658
01/05/2021,67.45,523.6707358,221.1643419,477.2605498,1.899,726.5489394,1395.073759,3042.265166,3.06,0.845,4328.433709
01/04/2021,64.39,487.7559355,208.0041445,439.5300684,1.778,702.5916935,1373.721254,2934.065655,2.81,0.859,4145.790837
01/03/2021,65.61,501.8363743,216.9420372,444.9159403,1.793,691.3853889,1409.031113,2868.973189,2.76,0.97,4085.744139
01/02/2021,62.58,456.6600266,186.0733428,433.092371,1.769,681.1946821,1408.744635,2820.191121,3.09,0.959,4019.664221
01/01/2021,55.5,436.215847,174.9582886,420.7875631,1.574,688.5033762,1375.643105,2865.832581,2.82,0.919,4001.527035
01/12/2020,50.36,412.5397698,164.7206207,399.840066,1.461,661.4754469,1289.281733,2763.652912,2.76,0.689,3874.713837
01/11/2020,44.05,364.9372646,135.1451607,380.6528741,1.242,590.0595452,1181.682588,2455.472292,3.07,0.584,3661.0464
01/10/2020,42.34,374.7725953,145.7049428,373.2721265,1.176,604.8430577,1157.993786,2533.53415,3.04,0.563,3599.198801
01/09/2020,42.43,383.5287568,154.8279463,367.4101183,1.145,626.1971055,1179.352515,2629.062091,2.44,0.53,3747.707128
01/08/2020,45.45,364.3458198,145.9324979,351.9695491,1.265,591.7198009,1156.78546,2471.329987,2.51,0.543,3507.196135
01/07/2020,43.85,350.0734343,141.9717106,333.7046298,1.277,564.5672629,1070.280397,2368.136545,1.9,0.528,3334.518754
01/06/2020,41.41,331.9459574,129.8651771,328.5501323,1.16,550.7324806,1005.699969,2321.838932,1.84,0.536,3156.07211
01/05/2020,31.01,279.383376,91.82618557,321.0873157,0.916,531.6819184,1005.323044,2231.255445,1.97,0.453,3165.538298
01/04/2020,18.15,277.7551724,89.1964163,324.5573976,0.926,480.8023449,922.3448714,2013.783042,1.91,0.355,2809.261745
01/03/2020,32.88,386.9972547,167.0362343,343.1722683,1.248,553.606052,1085.61892,2311.679909,1.87,0.315,3190.187804
01/02/2020,54.45,418.8598245,188.3883364,352.0476825,1.712,601.8065635,1144.468842,2523.500255,1.98,0.428,3474.36583
01/01/2020,62.15,471.2306442,223.2174267,367.4003024,1.976,610.6072188,1204.124695,2547.76521,2.19,0.465,3489.87239
01/12/2019,64.92,443.7487481,206.1328333,356.5103573,2.132,592.8704754,1127.885381,2485.848319,2.48,0.538,3367.118235
01/11/2019,61.89,441.5238403,204.6739604,355.825004,2.075,579.0152974,1128.950356,2419.954786,2.84,0.577,3226.216333
01/10/2019,58.49,437.0662052,203.4932317,349.9380013,2.079,563.8043008,1083.968319,2360.711902,2.53,0.505,3229.337624
01/09/2019,61.74,430.9514226,203.7535399,336.9911681,2.083,554.489287,1068.353507,2321.066454,2.72,0.486,3144.833833
01/08/2019,59.57,458.8581832,220.5036379,349.6008452,1.95,569.5549687,1126.412126,2376.152698,2.36,0.44,3254.408959
01/07/2019,62.5,462.0054244,220.1376182,356.8654845,2.051,568.5377082,1145.742945,2366.028803,2.5,0.529,3139.176654
01/06/2019,59.52,443.6353147,207.8723675,351.7757212,1.98,535.4124399,1085.795365,2226.261288,2.53,0.488,2994.184077
01/05/2019,66.13,485.82348,241.6777348,348.8583741,2.183,571.1245765,1174.41599,2370.802494,2.82,0.628,3159.88024
01/04/2019,69.66,473.4155776,228.4779152,358.156235,2.22,554.5760452,1153.895488,2298.499879,2.83,0.7,3057.752707
01/03/2019,63.77,467.3946906,224.1407551,357.3095641,2.154,551.954393,1152.134085,2286.661935,3.08,0.735,3020.094303
01/02/2019,60.65,449.6844811,208.3742518,362.6159075,2.129,541.5188929,1157.509174,2236.335551,2.95,0.742,2874.551491
01/01/2019,56.88,414.4274939,184.2481335,354.5316773,2.014,504.4718294,1069.237597,2085.709695,3.44,0.736,2842.328869
01/12/2018,54,450.9255525,209.6085474,361.6562701,1.979,544.4786974,1103.377439,2264.346318,4.33,0.751,3020.699839
01/11/2018,62.58,504.5455354,254.6333081,351.6298601,2.248,535.784854,1056.952469,2235.685782,4.54,0.824,3079.859009
01/10/2018,77.98,535.8740623,278.3091626,352.713078,2.549,577.7172077,1154.784243,2406.752807,3.54,1.057,3197.418175
01/09/2018,77.35,517.4011738,264.8130195,350.8492937,2.456,577.2255062,1165.711149,2401.610482,3.2,1.167,3154.847378
01/08/2018,74.99,513.7410193,258.1186321,361.0869069,2.349,574.5142909,1201.880095,2379.644338,3.21,1.076,3087.580514
01/07/2018,78.23,539.0235292,274.7057457,368.6084435,2.331,558.6661973,1182.709167,2310.414264,3.09,1.037,3045.847667
01/06/2018,74.45,532.413507,261.7752209,389.3156399,2.336,562.6519725,1239.400303,2314.573513,3.25,0.973,2987.59494
01/05/2018,77.41,526.9863876,259.1587742,385.21018,2.422,564.5678254,1289.803043,2311.162498,3.14,1.016,2939.343756
01/04/2018,73.78,503.7889407,245.4366531,374.3590868,2.266,562.6001862,1302.341405,2298.895967,3.03,0.913,3006.225471
01/03/2018,70.21,495.1219536,232.7302898,390.3027312,2.093,578.5384473,1334.665239,2365.153347,3.02,0.88,3020.844399
01/02/2018,69.57,510.9618318,246.2131971,386.8604686,2.074,606.2490453,1404.164879,2477.107163,2.97,0.926,3122.405869
01/01/2018,71.45,497.429327,236.6791155,384.6670153,2.268,576.7983181,1302.442375,2364.90346,3.54,1.016,2995.510654
01/12/2017,65.51,479.590039,225.1430504,379.2248141,2.106,571.3606629,1266.966044,2348.294133,3.14,1.082,2931.874662
01/11/2017,63.88,469.0098131,217.3808847,378.5192611,2.06,561.0603348,1264.289395,2301.090753,3.46,1.107,2888.790777
01/10/2017,58.4,451.1325397,206.8287804,370.3015975,1.929,550.0698731,1222.111369,2260.192008,3.29,1.055,2816.37402
01/09/2017,56.32,435.8261285,195.40565,369.8115911,1.928,540.1589727,1228.09079,2212.686075,3.39,0.997,2773.247365
01/08/2017,54.55,440.4733507,197.70055,373.1761484,1.724,542.0769722,1210.2239,2225.945706,3.3,0.86,2785.525143
01/07/2017,53.14,423.932576,183.2503497,378.4176359,1.62,529.480975,1150.743661,2181.756703,3.36,0.737,2770.972068
01/06/2017,51.42,429.8702791,190.5629856,370.7114629,1.515,527.6367122,1143.726721,2174.91582,3.41,0.671,2725.101014
01/05/2017,55.27,435.8534889,194.3742056,372.6950895,1.656,518.2997868,1113.598127,2138.787977,3.68,0.729,2686.534417
01/04/2017,58.26,442.4471293,200.539327,369.496168,1.736,511.562879,1092.223843,2112.591604,3.63,0.742,2697.389565
01/03/2017,56.78,459.7566347,209.7592445,380.1850658,1.705,508.0848166,1070.315815,2101.722278,3.42,0.703,2663.198863
01/02/2017,61.16,452.8206539,206.7380405,374.0570351,1.787,495.4907681,1040.138229,2050.464417,3.33,0.879,2602.685005
01/01/2017,60.37,456.969282,215.0952394,359.620286,1.78,484.0935057,989.5204513,2009.658233,3.78,0.857,2578.178914
01/12/2016,60.22,435.4128021,197.0586981,364.908749,1.793,477.2073118,995.9334949,1976.203629,4.14,0.735,2498.969737
01/11/2016,52.96,417.5449904,186.3421949,357.3517873,1.605,474.5692793,1045.054643,1952.406719,3.32,0.621,2474.420225
01/10/2016,57.49,420.1789349,190.5372623,351.0894694,1.715,482.3852199,1041.549962,1989.431213,3.53,0.661,2487.483607
01/09/2016,52.21,401.9303421,177.960311,347.9745378,1.559,480.8858384,1031.559627,1984.812695,3.35,0.571,2505.890666
01/08/2016,51.84,392.6998924,166.801349,359.9292361,1.533,481.4402155,1010.655351,1992.210696,3.15,0.52,2486.401691
01/07/2016,51.88,433.1744977,190.9000769,377.5459136,1.496,462.4259594,965.9883612,1914.639658,3.2,0.554,2413.395859
01/06/2016,56.47,428.9045758,190.947414,368.3832775,1.637,465.4701797,933.6112889,1936.26206,3.05,0.586,2388.285093
01/05/2016,54.29,418.0880147,180.6666605,374.5073618,1.573,467.8921881,974.657454,1938.201686,2.42,0.599,2407.717937
01/04/2016,47.91,376.6976224,154.9008726,359.6561166,1.384,463.8683165,974.6522554,1919.627002,2.35,0.532,2355.040783
01/03/2016,44.42,355.3256572,139.8098489,357.0274486,1.325,434.9386449,866.3782138,1810.590387,2.12,0.529,2228.665593
01/02/2016,35.99,353.3745725,139.021727,355.1247097,1.142,440.7604942,872.5064479,1836.028022,2.27,0.441,2254.927962
01/01/2016,37.38,366.5861207,149.1066536,354.3709512,1.105,469.7535882,934.1198781,1955.883335,2.63,0.395,2416.144457
01/12/2015,43.98,396.0549829,171.8338694,351.9800138,1.222,479.767309,959.416797,1996.359844,2.41,0.456,2451.408297
01/11/2015,50.4,426.7504016,188.7162124,369.0117612,1.545,482.8833448,995.5205229,2002.923792,2.68,0.505,2377.500366
01/10/2015,54.19,421.0372364,186.0079913,364.5938103,1.645,447.1816317,928.0498137,1853.545308,2.79,0.528,2278.277052
01/09/2015,53.25,446.0412559,203.9710469,366.3621871,1.667,464.6419239,958.8795462,1927.093391,3.09,0.531,2389.053315
01/08/2015,50.15,442.4659358,200.1822804,369.6172813,1.622,499.0577359,1054.384881,2064.61488,3.22,0.437,2448.795088
01/07/2015,59.47,514.5966729,241.2864861,405.5215985,1.818,494.5325539,1135.296157,2026.671497,3.28,0.478,2451.340572
01/06/2015,69.87,512.7640149,245.7362502,388.8147608,2.058,507.4112703,1172.706142,2077.839284,3.23,0.431,2466.27732
01/05/2015,69.57,522.1668775,248.1742504,401.8906107,2.147,511.2863111,1227.86058,2084.051285,3.35,0.551,2454.900852
01/04/2015,64.35,467.1900792,208.918779,397.3118947,2.028,500.3001596,1147.889459,2050.399098,3.05,0.645,2449.899541
01/03/2015,56.47,497.1650168,229.2891252,402.7776184,1.926,510.4168289,1168.764486,2092.393875,3.24,0.64,2457.488199
01/02/2015,60.23,462.654053,203.2666512,403.8718199,2.224,487.1687332,1141.681879,1991.67752,3.27,0.68,2407.978655
01/01/2015,56.44,498.5764395,220.6566742,429.7835093,1.927,497.3810413,1140.320444,2038.639828,3.49,0.57,2449.546777
01/12/2014,70.37,572.1737745,271.7112277,438.1445954,2.203,505.3656298,1192.407486,2064.448624,4.16,0.662,2426.507458
01/11/2014,89.46,636.760168,320.0512493,434.9427848,2.654,494.9830687,1199.040283,2015.67679,5,0.946,2286.126712
01/10/2014,98.99,674.051466,352.8253831,418.6006177,2.845,489.2588161,1179.960575,1993.431848,4.46,1.099,2339.463475
01/09/2014,108.92,715.2350115,375.76481,440.0569959,3.083,505.2397759,1273.642098,2047.289407,4.59,1.243,2296.473126
01/08/2014,112.57,728.4098502,384.8537407,441.7039175,3.226,495.6493716,1248.695704,2008.596114,4.57,1.193,2311.757222
01/07/2014,119.76,770.3187783,408.3074127,463.2098476,3.247,501.5002547,1229.076239,2039.243321,4.71,1.212,2277.472025
01/06/2014,122.94,759.5654634,397.7808228,471.1285509,3.37,492.8627787,1201.599291,2005.428749,5.37,1.223,2209.563478
01/05/2014,119.25,764.3519818,394.8536511,490.2915345,3.35,485.0653302,1165.871723,1977.019876,5.31,1.222,2183.795533
01/04/2014,119.95,762.7261996,396.3589685,482.2595731,3.395,483.1507136,1169.203098,1967.62076,5.42,1.294,2190.552815
01/03/2014,118.54,766.1693545,403.9912032,467.0233135,3.434,483.693906,1139.764135,1975.911955,5.29,1.255,2142.957538
01/02/2014,119.5,738.599264,392.860837,440.0544646,3.633,465.1943296,1111.625958,1897.312023,6.13,1.713,2163.07292
01/01/2014,113.01,753.2797946,402.7364573,442.3369893,3.649,486.7267553,1194.556481,1978.918642,5.41,1.662,2153.701857
01/12/2013,117.06,741.5294924,391.5474698,450.4039518,3.626,480.7649042,1217.642797,1947.238367,5.11,1.525,2132.728361
01/11/2013,112.31,744.3354956,391.8725749,455.6741267,3.495,474.8169836,1236.836605,1916.509658,4.35,1.412,2056.607631
01/10/2013,119.98,754.6044498,398.3748286,458.585677,3.508,455.9008889,1178.275949,1841.967506,4.36,1.356,2013.197327
01/09/2013,126.44,781.9987274,418.6647779,457.4522956,3.524,433.1967077,1106.307126,1752.805427,4.31,1.318,1987.684734
01/08/2013,126.95,760.9717524,406.0327169,449.3694053,3.525,443.8406114,1129.053589,1796.750775,4.07,1.264,1988.316335
01/07/2013,124.91,729.2709732,381.2895399,454.5387429,3.442,424.4755521,1121.79842,1710.201871,4.34,1.098,1931.166323
01/06/2013,114.33,734.523072,372.5485363,492.8367442,3.284,438.2242986,1204.051664,1756.680443,4.54,1.03,1957.07327
01/05/2013,113.41,747.0286463,380.5965241,496.0292223,3.277,441.9436976,1243.512469,1765.932461,4.87,1.115,1879.056266
01/04/2013,110.34,785.0431449,404.0326623,508.8488954,3.286,431.5130674,1240.273492,1719.185164,4.99,1.125,1858.588597
01/03/2013,111.29,776.0381234,394.7054333,517.3467769,3.523,424.3242037,1262.592872,1682.283905,4.52,1.071,1810.540125
01/02/2013,114.42,810.6680936,411.0656312,544.2424454,3.803,426.2378253,1283.166707,1687.030347,3.98,1.035,1776.97121
01/01/2013,114.76,782.4669091,393.2060195,536.1504213,3.713,411.1527303,1276.963535,1619.802589,4.05,1.014,1721.20211
01/12/2012,107.11,788.9925844,391.3709081,556.1120257,3.635,403.7389328,1222.261845,1596.664649,4.18,0.967,1692.574493
01/11/2012,104.98,771.9668576,382.1099162,546.552632,3.642,398.3302503,1204.819789,1575.454424,4.46,1.077,1740.441853
01/10/2012,107.91,802.0298107,398.7921649,562.3834527,3.783,399.4668178,1207.941974,1580.013064,4.22,1.159,1738.942018
01/09/2012,113.88,812.9175812,408.5722824,556.817774,3.774,387.9431575,1140.839981,1540.512717,3.51,1.096,1690.131075
01/08/2012,113.9,769.1149087,376.9850921,555.8065462,3.683,382.27123,1152.172406,1512.742649,3.4,1.09,1644.847709
01/07/2012,106.96,729.1434551,360.0468149,518.8809807,3.422,379.642606,1140.16852,1503.098142,3.6,1.063,1609.847157
01/06/2012,100.08,724.0204775,366.2241788,488.8656213,3.18,361.8645117,1100.60342,1430.11653,3.03,0.957,1628.827484
01/05/2012,114.86,830.4931342,431.9563489,524.7453552,3.532,398.5489113,1244.163307,1569.10672,3.02,1.157,1681.200497
01/04/2012,125.18,834.1574184,432.4062957,531.4814897,3.815,403.6890237,1261.391941,1589.091017,2.48,1.449,1682.631081
01/03/2012,129.03,854.645023,442.0950538,547.3615658,3.908,403.2442395,1311.354689,1577.746388,2.79,1.532,1643.068724
01/02/2012,125.17,808.7208494,410.2849402,542.3379844,3.912,387.6028591,1247.808238,1518.940508,3.09,1.493,1592.005453
01/01/2012,123.34,792.8929942,405.9686881,520.6898822,3.755,368.2364682,1126.667614,1453.950669,3.33,1.591,1528.615958
01/12/2011,121.73,812.5710587,417.7945447,528.2292272,3.57,371.0175596,1146.357201,1462.830425,4.01,1.723,1514.472809
01/11/2011,119.68,798.1746587,402.7951288,542.1640418,3.762,382.3714362,1225.66792,1499.503074,4.38,1.796,1487.086258
01/10/2011,106.38,727.3956687,359.6116184,517.0047793,3.635,345.4083257,1083.62262,1358.863726,4.46,1.812,1444.79734
01/09/2011,105.15,828.6874586,402.2884633,611.7049534,3.588,381.5187692,1268.96567,1487.680006,4.73,1.916,1455.85607
01/08/2011,106.21,843.9567905,421.5847587,586.5061773,3.624,413.1953794,1399.537895,1606.590727,4.9,1.88,1630.135114
01/07/2011,120.07,825.0307609,415.025566,564.4525323,3.784,421.6371604,1413.869715,1642.01906,5.37,1.885,1587.880464
01/06/2011,118.88,873.182737,438.4803055,599.7683647,3.663,429.5171142,1441.975004,1672.400627,5.58,1.877,1652.276658
01/05/2011,125,935.7983579,478.3388699,616.9715527,3.641,440.1566098,1484.90267,1712.553296,5.35,1.876,1642.120839
01/04/2011,136.35,899.1002882,450.2192466,621.5218773,3.96,425.7970054,1450.800081,1654.083333,5.29,1.802,1616.365777
01/03/2011,128.42,861.5297863,420.0963148,630.2629427,3.784,430.0104233,1381.453067,1685.58549,5.07,1.742,1647.512819
01/02/2011,113,825.1150633,395.7217895,623.9550179,3.488,422.5683133,1409.165469,1647.157635,5.08,1.736,1615.09795
01/01/2011,113.36,799.5350411,384.2090898,602.305515,3.295,418.4009401,1456.987885,1619.835747,5.69,1.706,1571.066173
01/12/2010,113.45,732.1546453,355.3208134,540.6608082,3.138,392.0912919,1367.894858,1517.557826,5.45,1.648,1524.334681
01/11/2010,107.39,718.5366955,343.6458805,546.3685988,2.955,402.4065317,1408.327338,1556.680915,5.15,1.597,1492.171054
01/10/2010,104.42,695.7814624,339.2416268,508.9312456,2.857,388.8274471,1370.414157,1502.495207,4.59,1.572,1429.727035
01/09/2010,96.38,636.8120467,307.7750963,474.2327302,2.666,356.0142193,1237.553191,1378.716286,4.97,1.444,1387.110802
01/08/2010,97.87,669.9210124,335.4436631,462.6281818,2.573,369.867158,1265.539255,1435.850476,5.39,1.368,1378.369482
01/07/2010,97.63,632.968345,322.694632,419.2293447,2.53,342.8950831,1173.436188,1331.084838,5.87,1.291,1384.823177
01/06/2010,96.41,624.1726288,316.705028,418.0840323,2.598,354.3719954,1184.436326,1380.563844,6.12,1.326,1438.430412
01/05/2010,94.67,702.4332755,364.6096456,445.0328342,2.606,392.5745984,1302.872515,1530.906819,5.31,1.382,1529.322981
01/04/2010,108.12,677.6908931,350.1908081,434.252964,2.817,392.9428351,1291.483197,1534.611782,5.23,1.453,1472.640837
01/03/2010,104.09,662.6376418,336.3268517,443.5186869,2.667,370.7044031,1198.457243,1451.253317,5.51,1.455,1394.668075
01/02/2010,98.3,625.0642847,313.0252301,431.5192996,2.543,368.1507711,1200.369778,1439.456272,6.71,1.651,1444.65073
01/01/2010,100.83,674.703166,340.8272069,456.7452134,2.631,385.1029906,1272.534919,1502.742758,7.2,1.687,1428.034527
01/12/2009,96.27,661.4626246,332.7483207,452.1686411,2.54,378.9730438,1229.988004,1482.765748,6.9,1.536,1404.124357
01/11/2009,100.67,639.9879019,328.8966989,415.5590435,2.552,364.0323449,1177.749431,1424.967829,5.96,1.386,1375.35926
01/10/2009,97.74,596.5337212,301.5863225,403.0522806,2.487,370.2714669,1178.312273,1452.802763,6.16,1.299,1346.541311
01/09/2009,89.64,585.5453908,293.3630319,404.0456363,2.23,354.9760946,1083.199681,1400.807155,4.47,1.221,1302.908077
01/08/2009,91.85,590.5856375,299.5633306,395.9290597,2.408,343.6293314,1089.764892,1348.939445,4.27,1.17,1208.293383
01/07/2009,83.19,582.6059705,298.1737751,382.1942374,2.107,316.9142928,985.1647658,1247.534602,4.6,0.973,1198.451061
01/06/2009,90.05,572.4262809,283.8726751,404.1957225,2.257,318.724485,998.8741895,1253.243952,5.08,1.093,1165.917396
01/05/2009,77.16,476.7373518,224.5597014,374.0424697,1.919,293.5107507,863.6049539,1163.696371,5.13,0.913,1105.226173
01/04/2009,65.28,468.5456562,222.0104987,363.485343,1.773,264.0393287,744.8747584,1052.315127,4.65,0.834,989.4679122
01/03/2009,62.96,440.5177833,207.1405697,346.7570895,1.673,245.2168495,654.147422,983.7234795,5.24,0.856,1054.955195
01/02/2009,51.56,441.5430457,204.3951423,357.7456733,1.68,273.1957715,695.4396543,1101.647962,5.75,0.865,1136.779136
01/01/2009,55.33,460.6763928,215.4226173,366.3720794,1.934,300.5025273,748.4054509,1214.561844,6.69,0.96,1158.244017
01/12/2008,55.73,517.8366173,258.1773036,360.815123,1.858,291.6961843,698.5464134,1183.659504,7.68,0.809,1170.549415
01/11/2008,75.35,589.6391626,308.5543152,364.4325571,2.418,309.7481265,748.4541152,1255.797696,8.79,0.968,1270.949917
01/10/2008,98.72,800.666123,436.5815729,438.8333929,2.881,379.3222942,1012.572678,1521.509731,8.66,1.345,1565.915621
01/09/2008,132.16,902.0181991,492.8621856,491.1477096,3.708,430.0328801,1218.029506,1713.036697,9.53,1.949,1632.280545
01/08/2008,148.43,966.9691123,533.3397531,510.6321034,4.031,439.7921736,1325.240417,1738.435181,10.56,2.1,1599.317118
01/07/2008,169.11,1093.107797,612.7180298,546.0274941,4.762,450.2624693,1377.291322,1776.382994,14.02,2.359,1699.253059
01/06/2008,170.68,1001.768566,562.2480728,498.0843391,4.841,493.8267944,1541.070727,1943.124062,16.28,2.309,1787.098993
01/05/2008,161.39,927.5833512,503.0816646,517.0044132,4.65,493.0785884,1532.788757,1941.170517,14.64,2.187,1762.977858
01/04/2008,145.89,867.7383529,458.2319264,523.0976426,4.185,472.1811103,1432.901483,1864.647732,13.35,2.063,1708.382625
01/03/2008,137.58,887.180948,455.3220533,576.7698058,4.001,483.4235514,1523.91767,1899.657095,12.56,1.925,1768.246179
01/02/2008,125.52,800.8790575,412.5808414,515.7273682,3.481,486.9820896,1433.209366,1930.327865,11.38,1.876,1815.022912
01/01/2008,122.69,805.5694497,426.5404612,481.9865756,3.377,532.3867332,1644.477597,2097.597128,10.55,1.988,1952.925241
01/12/2007,121.72,766.8744447,400.7101973,475.8642564,3.415,541.467993,1647.967987,2137.398796,9.52,2.029,1941.629126
01/11/2007,125.47,794.6324014,421.8084496,472.0644973,3.429,566.9998061,1773.341184,2230.64828,10.31,2.063,2041.453877
01/10/2007,114.25,728.4253938,367.7612387,493.005223,3.044,549.4137659,1607.080614,2178.848659,9.63,1.91,1996.840011
01/09/2007,106.44,662.0435213,332.1137962,454.8855878,2.913,523.2814961,1452.901787,2087.284864,8.27,1.731,1944.304401
01/08/2007,96.99,691.5283272,352.8430871,456.2062265,2.659,527.2032116,1491.472817,2098.693397,8.23,1.59,2038.244766
01/07/2007,99.2,654.4200287,330.8182401,441.5801999,2.772,534.8656108,1417.723653,2143.743616,8.56,1.592,2025.783935
01/06/2007,90.32,629.5039765,312.819263,441.9975323,2.663,537.0434733,1357.308095,2162.6058,10.04,1.523,2021.189167
01/05/2007,85.14,635.8379645,317.6397686,441.1103507,2.525,524.1738236,1299.820823,2114.518866,10.48,1.54,1961.450568
01/04/2007,86.35,631.1628538,318.2040194,428.6210808,2.513,506.0197153,1252.617895,2041.57989,10.29,1.494,1897.000902
01/03/2007,82.43,608.6324684,298.9733293,438.4210976,2.364,500.4588309,1215.306962,2022.625576,9.8,1.407,1960.68908
01/02/2007,81.33,585.0419309,286.7904775,423.3240163,2.318,508.3298607,1234.507551,2054.449641,10.33,1.335,1950.277625
01/01/2007,74.83,597.0228332,292.0479194,433.9233871,2.104,506.3411272,1256.490918,2042.518814,9.33,1.229,1950.056282
01/12/2006,85.74,640.2861302,319.6609745,444.6704658,2.326,497.1981742,1207.063049,2009.520795,9.89,1.334,1917.646019
01/11/2006,82.15,593.6209021,292.4132443,424.938523,2.279,485.0902696,1126.377532,1967.92444,11.06,1.319,1885.566277
01/10/2006,81.67,591.1213176,298.4140521,399.902054,2.276,467.1486456,1074.602075,1896.558872,9.16,1.295,1819.736479
01/09/2006,87.76,639.8538202,332.9914552,400.5646049,2.334,459.8501239,1061.85397,1866.361632,7.17,1.39,1767.856656
01/08/2006,99.88,680.9699123,363.0599179,398.1665632,2.712,446.9753595,1033.029158,1813.964978,9.55,1.555,1722.407739
01/07/2006,101.97,663.7222981,351.5657499,395.5296305,2.65,445.2109615,1023.693526,1807.533771,8.52,1.595,1716.111534
01/06/2006,97.47,651.7845692,342.0523473,398.7531407,2.644,447.3927881,1031.472904,1816.06531,8.77,1.507,1771.784769
01/05/2006,97.65,653.3909055,346.613785,387.6866711,2.714,468.1623125,1158.16467,1890.016628,8.77,1.433,1792.018926
01/04/2006,97.03,612.0075866,326.3672121,357.6019083,2.736,456.1024092,1089.534182,1846.413304,10.05,1.405,1789.253558
01/03/2006,87.83,580.0352923,302.5949685,360.7030083,2.479,451.5447659,1090.868218,1826.389367,9.73,1.292,1780.640716
01/02/2006,86.86,636.6192386,342.4717745,362.3269303,2.299,455.3348081,1099.235392,1841.773619,10.55,1.289,1793.415509
01/01/2006,92.11,606.7095017,326.6010988,344.6140111,2.461,435.1312282,992.8350292,1767.5915,12.84,1.39,1773.620351
01/12/2005,84.18,588.9422898,318.4026081,330.0377658,2.417,428.2523052,945.8990753,1743.72308,19.01,1.495,1752.162666
01/11/2005,82.28,596.384489,328.9246907,312.8726011,2.382,412.2603083,870.736306,1683.734732,16.49,1.409,1681.026947
01/10/2005,87.11,656.902979,372.4535856,311.2940848,2.645,420.5325108,925.1715237,1712.781631,18.82,1.591,1715.033984
01/09/2005,91.89,652.0444952,371.7655918,302.2061532,2.752,409.6036005,849.8083187,1674.87501,16.98,1.584,1716.1718
01/08/2005,92.22,570.4051307,311.3723071,309.8278107,2.56,412.2960974,854.9854989,1685.920274,13.38,1.335,1734.262939
01/07/2005,84.19,541.6471953,292.0144722,306.2221112,2.339,399.9588703,806.0360674,1638.413742,10.81,1.205,1714.628983
01/06/2005,80.84,508.4775293,267.261255,310.0269529,2.31,398.4138848,785.3798357,1634.346568,10.32,1.172,1688.219197
01/05/2005,71.49,507.0149976,264.8621218,314.4879944,2.026,392.3543489,762.6181589,1610.760105,9.3,1.143,1669.233375
01/04/2005,76.21,549.3646576,293.8583613,318.1914078,2.181,401.7033432,785.749554,1648.543206,10.24,1.223,1711.152276
01/03/2005,78.76,513.0253596,267.3083204,320.4935284,2.243,414.4678258,848.6866314,1696.421756,10.16,1.266,1729.479418
01/02/2005,69.81,481.6286682,250.5405415,302.2214706,1.951,404.3566012,787.9069267,1659.779962,9.01,1.101,1716.532276
01/01/2005,68.46,453.6961623,228.107385,310.9186513,1.923,415.7785123,792.2910024,1708.795324,9.04,1.077,1752.445346
01/12/2004,63.35,501.5611358,262.7414602,308.244325,1.867,401.4958658,758.4884696,1650.882115,10,1.133,1711.801355
01/11/2004,70.73,518.3220389,278.0673782,296.5722097,2.019,379.9042827,691.9778944,1565.109932,11.1,1.259,1630.051708
01/10/2004,77.5,493.0230751,258.3864443,302.6022463,2.168,371.3298786,677.5671783,1529.668304,10.76,1.323,1631.562496
01/09/2004,67.42,433.7831125,216.4862357,302.6745289,1.845,366.1532771,645.3284582,1510.971098,7.66,1.177,1598.007894
01/08/2004,66,452.1725584,230.8196576,298.1991593,1.716,365.3673378,622.2641791,1510.278133,8.05,1.231,1626.248624
01/07/2004,60.05,421.332718,204.3372156,313.9112692,1.604,377.978553,635.9232769,1563.338364,8.92,1.09,1666.701645
01/06/2004,55.9,442.7861279,214.8690726,329.4672922,1.46,370.6085424,633.5367052,1531.661585,9.3,0.984,1620.024134
01/05/2004,59.36,426.6534627,202.4420002,332.8991731,1.5,369.7949634,650.3427942,1526.249758,9.43,0.998,1670.230023
01/04/2004,54.28,418.1962328,193.3556514,343.3310482,1.367,381.5937399,714.5673708,1570.014472,8.55,0.9,1666.09848
01/03/2004,54.61,414.3793671,193.3022683,334.4526734,1.352,385.9085895,710.4162092,1589.153459,8.24,0.87,1700.252186
01/02/2004,51.63,389.2607117,180.2309363,318.7232967,1.366,381.9450864,684.253425,1574.909855,8.03,1.054,1694.986087
01/01/2004,51.49,392.0478061,185.124081,308.9061358,1.481,377.8831686,666.2649201,1559.383129,9.44,1.121,1626.07282
01/12/2003,48.6,371.6739569,168.4099609,316.6418269,1.347,357.4858134,624.9877813,1475.819743,9.78,0.95,1587.53217
01/11/2003,46.91,360.2241511,162.3102528,309.9446145,1.261,352.2950947,617.9362297,1454.115978,7.3,0.826,1568.939649
01/10/2003,45.72,350.4306954,161.2721966,290.2012293,1.235,331.6247193,568.8459811,1370.243514,7.51,0.833,1535.641626
01/09/2003,42.6,364.8356436,171.9205154,288.6524527,1.107,329.6866254,565.0566936,1362.26333,7.02,0.781,1488.976752
01/08/2003,47.7,351.977897,167.1898898,274.0250891,1.232,323.7535498,532.3229354,1340.212284,7.51,0.827,1498.360293
01/07/2003,46.52,353.3881361,169.9040056,268.2671697,1.191,318.3485774,504.1327339,1319.991886,7.63,0.803,1497.183904
01/06/2003,46.3,356.8656258,169.2068395,278.8519054,1.151,313.3249293,478.5282062,1301.070619,8.99,0.848,1419.868311
01/05/2003,42.63,327.4826944,150.9225442,270.4889244,1.125,297.2799615,448.2662899,1235.135595,9,0.822,1351.663265
01/04/2003,42.67,352.1794417,169.4154402,267.0393034,1.207,273.2179407,412.8138108,1135.067408,8.12,0.764,1283.654301
01/03/2003,50.17,421.4516615,215.7985854,275.7678352,1.495,274.6065329,425.5637245,1139.002118,8.75,0.943,1266.342936
01/02/2003,54.38,385.7503104,188.1697732,283.7580047,1.718,281.613674,442.0465626,1168.096322,10.13,1.18,1363.458865
01/01/2003,50.15,360.6596542,172.6858622,276.2025038,1.388,292.6330522,447.9831667,1215.025316,8.25,0.929,1379.086939
01/12/2002,45.28,335.0715854,150.939922,287.9537347,1.265,309.0240613,465.7852202,1283.959543,7.45,0.806,1401.746082
01/11/2002,40.26,334.2008989,152.1515369,281.9099857,1.107,292.8021839,435.2452433,1217.198768,6.21,0.726,1313.651795
01/10/2002,44.36,349.7297594,165.6342097,273.8360604,1.18,273.0350776,409.0376879,1134.656497,6.28,0.736,1333.910774
01/09/2002,45.68,331.3789915,154.7541479,266.6948502,1.19,307.6985939,460.1853027,1278.800591,5.5,0.725,1405.005514
01/08/2002,43.49,313.6916645,143.9989658,260.6986103,1.081,308.0243739,454.3640967,1280.877403,4.77,0.64,1393.519972
01/07/2002,41.69,313.7645281,145.4247405,256.1617945,1.051,337.7073194,494.7624989,1404.692241,4.55,0.576,1569.0354
01/06/2002,39.58,300.9639823,138.8957053,247.6801258,1.001,360.6525901,536.4091526,1499.259554,5.05,0.581,1671.825049
01/05/2002,41.77,316.5453591,151.6770579,242.0444141,1.032,361.3336518,546.8749869,1500.713372,5.52,0.629,1723.406372
01/04/2002,40.7,311.8878392,145.5574951,251.319466,1.034,373.7950363,544.6895949,1555.503165,5.29,0.643,1788.286167
01/03/2002,38.09,275.1399455,119.3538518,251.5992849,0.991,360.362037,518.6526321,1500.503196,4.7,0.592,1715.495365
01/02/2002,32.54,260.2216926,108.0320241,253.971853,0.848,365.6019039,513.7015519,1524.13017,3.55,0.491,1787.117152
01/01/2002,31.05,266.177818,112.7400364,252.2433768,0.843,377.6999244,499.4457193,1579.091897,3.45,0.458,1801.608026
01/12/2001,30.6,267.4392898,111.585781,258.7774583,0.826,375.3533891,464.3499931,1573.850452,4.24,0.475,1781.635364
01/11/2001,30.9,275.5038184,122.7179233,242.0226125,0.861,352.6338284,419.2082299,1481.665302,4.38,0.52,1691.206581
01/10/2001,34.83,284.9777364,128.5015795,245.4017904,0.985,344.9500539,394.2555172,1452.221535,4.11,0.619,1638.246156
01/09/2001,40.15,317.2857877,146.7917298,261.4556689,1.143,378.8777681,466.0285637,1589.110982,3.46,0.658,1841.951445
01/08/2001,42.88,316.7018032,146.0012269,262.6194596,1.152,399.6295706,473.6239984,1679.389341,4.61,0.652,1890.994878
01/07/2001,41.56,318.1845178,146.6129016,264.0040487,1.096,406.3806005,506.9395461,1703.127846,4.97,0.612,1944.783317
01/06/2001,43.19,340.710817,163.0756964,263.6516716,1.184,418.5936228,517.4923742,1755.174943,5.92,0.675,1988.887238
01/05/2001,44.98,351.6472225,169.1674521,269.4306762,1.211,425.1341613,513.9279058,1784.798176,6.66,0.805,1865.954593
01/04/2001,43.51,335.1331413,159.3460943,262.6533752,1.232,398.7480414,493.2994694,1671.836862,8.17,0.862,1868.107479
01/03/2001,43.13,351.0918833,164.4678496,282.8813673,1.172,430.1451507,552.0066937,1799.660124,8.21,0.883,2065.161711
01/02/2001,46.99,359.796065,171.0810525,281.9558323,1.244,471.2291484,600.8183531,1972.323918,9,0.94,2117.226049
01/01/2001,46.57,392.9855338,192.832018,289.15166,1.345,461.717661,531.2355247,1943.651351,12.45,1.232,2118.209943
01/12/2000,45.49,410.6214239,206.6645339,286.5184082,1.51,457.5415329,522.6941147,1926.789909,13.8,1.241,2207.051716
01/11/2000,54.84,378.9002777,187.1306914,275.14052,1.652,488.043561,572.7989121,2052.279998,9.19,0.973,2225.152102
01/10/2000,52.74,380.350298,186.3112389,280.8222019,1.565,498.590222,618.2608441,2090.456141,8.13,0.993,2351.210611
01/09/2000,54.34,392.1021148,194.9714878,280.7464927,1.585,529.0516704,679.5400459,2213.799516,8.23,1.032,2383.203222
01/08/2000,50.22,344.0341978,161.1280831,276.294585,1.44,516.3251348,680.6925066,2157.241119,7.19,0.94,2375.521376
01/07/2000,47.93,380.1377684,185.9441373,281.4579976,1.26,532.5328672,718.4944218,2221.862396,6.41,0.889,2357.717061
01/06/2000,50.97,360.7969808,170.2816863,285.8304873,1.264,516.9088535,697.8221028,2156.572574,6.96,0.897,2292.904092
01/05/2000,46.81,330.2004643,147.0448558,288.1044286,1.235,534.08341,733.4303515,2226.338752,5.84,0.832,2374.614008
01/04/2000,41.55,336.5613395,151.0366626,290.1605263,1.218,560.4434493,812.4396475,2329.525088,4.93,0.763,2346.232647
01/03/2000,48.65,351.6153441,164.9580998,281.5411306,1.258,526.7338947,810.2120856,2182.171651,4.6,0.833,2260.777232
01/02/2000,48.09,338.686979,153.1168354,288.5986185,1.538,529.8294985,806.4706417,2196.339641,4.29,0.978,2339.682294
01/01/2000,44.59,321.1664361,142.4882484,281.8465071,1.511,564.0056994,807.9959881,2345.78362,3.94,0.916,2358.644331
01/12/1999,43.2,314.0485777,137.4463313,281.2593299,1.111,522.7125001,719.789419,2178.542772,4.01,0.709,2303.259908
01/11/1999,41.01,300.3513841,129.5172224,274.8035789,1.073,507.5119782,660.7590698,2121.019228,4.22,0.722,2152.595912
01/10/1999,37.56,316.5559895,140.1746431,278.6058201,0.968,483.889305,647.9305298,2019.491454,4.78,0.752,2183.96345
01/09/1999,39.49,301.4558177,130.1252039,275.4185942,0.999,490.6295115,672.706837,2045.108454,4.38,0.717,2203.334811
01/08/1999,35.49,282.1314198,120.1436454,262.6901251,0.914,494.1625081,670.3239125,2060.803251,4.67,0.677,2303.106484
01/07/1999,33.6,273.0960231,111.9733482,267.2637157,0.836,497.9895834,691.775721,2074.190391,3.86,0.622,2210.937338
01/06/1999,30.05,255.2347343,98.68190398,267.712622,0.726,476.3821001,624.3051893,1989.801972,3.93,0.518,2233.551456
01/05/1999,29.8,269.918725,106.872839,275.5631764,0.709,494.5077927,629.8887746,2067.536209,3.81,0.475,2238.06192
01/04/1999,29.01,258.1115383,98.69632405,274.0282773,0.723,474.5879752,561.2928374,1991.227211,3.61,0.473,2149.026372
01/03/1999,24.79,220.9333366,73.53556477,267.436631,0.655,458.0592825,500.8740859,1927.645739,3.04,0.409,2105.407398
01/02/1999,20.36,229.1569078,76.76217354,275.920474,0.515,471.8861105,497.9071863,1988.5794,2.98,0.379,2115.516849
01/01/1999,21.18,225.619197,75.33654967,272.5701212,0.568,463.5557818,507.0957632,1950.479221,3.11,0.368,2018.494541
01/12/1998,19.23,226.9546737,71.42442991,288.0952874,0.532,444.6747753,517.7869052,1866.263629,3.28,0.355,1945.853834
01/11/1998,22.16,252.3126133,89.6611898,287.5434066,0.61,419.4926955,478.1676369,1762.474252,3.94,0.421,1754.41983
01/10/1998,24.5,261.2854783,97.94908899,281.490015,0.654,384.9300454,433.0866582,1618.344263,3.74,0.437,1734.317757
01/09/1998,25.5,233.2969782,80.12776414,274.7340562,0.686,378.9213228,409.3440462,1596.239076,3.47,0.424,1830.507673
01/08/1998,22.82,244.9113855,84.48801708,287.2270244,0.588,441.9252505,579.5749378,1846.596734,3.16,0.411,1972.52974
01/07/1998,24.06,265.0144397,91.98467289,309.0102794,0.618,442.9449466,564.3876783,1853.982445,3.67,0.42,1892.659018
01/06/1998,23.37,270.5879562,95.20742752,311.3964149,0.646,436.2052424,632.748923,1815.31067,3.71,0.419,1895.03259
01/05/1998,25.56,280.5528487,98.70565021,322.8897257,0.704,445.8477401,736.7631338,1842.772279,3.7,0.469,1903.831132
01/04/1998,26.51,285.9046675,100.421367,329.5830943,0.737,443.1209372,747.744073,1830.431256,4.23,0.499,1846.688799
01/03/1998,25.84,283.6559832,98.80773442,329.6208963,0.723,426.3643305,720.2801349,1761.570551,3.87,0.472,1758.890312
01/02/1998,27.68,299.9575287,106.2250463,343.0129209,0.763,400.3367429,653.7444963,1654.999462,3.9,0.513,1658.218267
01/01/1998,28.85,302.8586409,108.682007,340.6320318,0.804,392.9748785,711.2797015,1615.132269,3.62,0.521,1659.589406
01/12/1997,31.65,325.9957358,119.6450543,356.3280803,0.883,389.1792227,697.4162161,1600.703853,4.16,0.581,1622.16175
01/11/1997,34.89,359.178983,140.5617045,358.6790913,0.973,383.3653193,723.4538586,1572.959104,5.34,0.621,1641.273606
01/10/1997,36.7,347.885719,134.0023987,355.7077953,0.986,407.9778688,865.7760125,1661.520825,5.59,0.686,1615.873796
01/09/1997,34.19,338.4367282,123.8672644,371.2608816,0.92,388.8328704,845.7789148,1581.764234,4.97,0.669,1602.976128
01/08/1997,34.57,333.2456514,119.1845224,376.369239,0.936,419.8167357,972.801891,1701.58877,4.27,0.639,1603.584162
01/07/1997,34.14,321.5088588,115.4749238,361.2192673,0.92,402.9606265,962.1188485,1631.688421,3.71,0.604,1521.50279
01/06/1997,33.41,343.1189405,121.9270242,390.5818668,0.907,384.3924033,916.1894102,1558.083522,3.76,0.598,1448.299341
01/05/1997,36.33,342.5016216,119.3481018,399.0386066,0.98,363.7760543,894.1660322,1471.326969,3.92,0.614,1329.726021
01/04/1997,34.32,334.740083,116.0723048,392.2136643,1.004,352.8507331,895.1908686,1425.876005,3.49,0.607,1378.003534
01/03/1997,36.52,328.8701789,113.8368035,386.1123676,0.953,361.1295656,922.8711858,1458.591412,3.31,0.671,1390.576994
01/02/1997,38.71,357.7914748,137.51415,367.0160772,1.067,357.7043448,887.7479401,1447.649703,3.61,0.674,1337.89038
01/01/1997,44.1,377.0384361,150.3837503,365.5226793,1.223,353.4336307,834.2946408,1436.92543,5.37,0.83,1301.861166
01/12/1996,44.14,384.7729863,154.9234284,367.3708327,1.269,360.3462939,834.1134639,1467.056423,,1.068,1292.646568
01/11/1996,41.38,360.0665634,140.5614111,360.926313,1.232,342.5995728,821.3217679,1391.184797,,1.024,1232.536139
01/10/1996,43.83,361.2684417,135.9272822,381.9513939,1.273,342.4214429,846.0983697,1386.233823,,0.903,1188.079705
01/09/1996,42.26,350.5792949,123.4344991,403.5500312,1.196,331.8154483,842.615918,1340.2243,,0.83,1170.298905
01/08/1996,38.82,344.849882,121.4488038,396.8317693,1.068,329.3977897,825.3458198,1331.285801,,0.68,1141.048967
01/07/1996,37.72,366.5774641,132.8014734,407.4615753,0.985,343.4285216,889.3499403,1384.861136,,0.632,1186.592757
01/06/1996,36.33,362.5657842,121.4023584,441.6301622,0.914,342.8055584,887.4068561,1382.604033,,0.619,1175.935461
01/05/1996,37.53,372.5068433,127.7264296,442.1054321,1.025,343.2735995,894.148537,1384.358897,,0.619,1151.666021
01/04/1996,41.54,368.473099,128.9695071,427.1190238,1.205,336.3370756,864.3777261,1357.15148,,0.635,1153.698216
01/03/1996,37.91,353.8418555,121.0811548,420.9063563,1.174,333.0691106,862.5539565,1342.120497,,0.66,1162.564942
01/02/1996,33.79,354.0827135,120.4559584,423.9412145,1.105,333.9797044,882.4807401,1342.917207,,0.702,1105.385747
01/01/1996,33.75,367.291487,128.7139469,424.785968,1.002,328.3109268,827.3110473,1325.300425,,0.639,1109.236098
01/12/1995,34.57,341.1775954,112.7507706,420.4754172,1.046,321.1221654,798.2485579,1297.178869,,0.643,1081.173017
01/11/1995,32.66,332.2263406,107.502079,418.1500616,0.938,311.6601797,813.0052573,1254.768775,,0.562,1057.590825
01/10/1995,31.55,328.3221249,105.584569,415.7223896,0.883,317.2956479,845.6563607,1276.07244,,0.56,1049.378298
01/09/1995,33.12,328.3919295,107.7283741,407.747352,0.911,310.3456423,853.6369675,1245.966539,,0.569,1017.040924
01/08/1995,32.46,323.2154042,104.7237586,406.2860741,0.895,318.4819179,877.1831147,1278.903382,,0.57,1015.865095
01/07/1995,31.54,318.8584239,103.2002969,401.2343879,0.85,305.1184977,861.3928099,1223.105426,,0.563,985.6001784
01/06/1995,33.62,330.4036605,112.3527554,395.1766062,0.87,305.6118917,860.6070343,1225.4993,,0.581,957.2026132
01/05/1995,36.14,336.2327645,116.914934,392.3426314,0.917,303.44949,820.8132014,1219.51064,,0.599,929.9766517
01/04/1995,36.49,328.5035088,111.3328986,394.324854,0.906,293.9217878,788.5124797,1182.713681,,0.593,904.7345962
01/03/1995,34.14,325.9965269,107.203103,403.7829052,0.843,282.5232184,788.0058311,1133.97667,,0.602,887.0518563
01/02/1995,34.22,325.0371382,104.529812,411.5569676,0.879,280.984686,812.2793577,1123.310845,,0.584,859.2055547
01/01/1995,33.36,335.1490559,109.294483,418.8633597,0.888,288.5031412,913.30898,1146.948317,,0.606,843.982936
01/12/1994,31.94,326.0835858,109.7502219,395.0692641,0.899,289.1568439,997.7986759,1142.405021,,0.62,858.1999397
01/11/1994,33.69,333.2870965,115.2548687,392.545727,0.92,302.8393444,1053.850389,1196.185625,,0.64,863.4123209
01/10/1994,33.01,319.5284931,106.8489421,389.6667344,0.898,296.1797119,1076.100358,1166.544311,,0.604,870.439161
01/09/1994,32.59,317.5916734,104.4272971,393.784442,0.89,304.0443524,1065.647476,1200.770009,,0.558,865.9481607
01/08/1994,34.38,341.3703452,120.9843883,391.3476548,0.926,294.8731219,951.4829589,1170.608514,,0.561,844.2580695
01/07/1994,36.92,338.1736108,119.5329504,388.8466777,0.937,290.1312551,899.8388015,1155.2482,,0.548,854.1126135
01/06/1994,35.91,332.829994,113.6727893,397.208535,0.926,292.8736591,929.5358785,1163.492109,,0.542,849.0210422
01/05/1994,33.69,329.7945249,110.2382726,402.3457572,0.905,292.6572797,903.7800925,1166.283659,,0.559,844.965237
01/04/1994,30.87,322.1336571,103.4119485,408.5811426,0.906,285.6147814,924.9063824,1133.875746,,0.546,876.8848333
01/03/1994,27.74,324.1731591,103.9326046,411.6574291,0.931,300.0123839,1020.008028,1188.520064,,0.538,892.7862689
01/02/1994,28.08,336.9045607,111.6435505,414.568037,1.058,305.9359755,1042.670836,1210.085537,,0.551,898.5076501
01/01/1994,28.63,311.7555994,97.42574537,401.0299695,0.951,288.3593761,1028.05226,1140.818922,,0.501,888.1613651
01/12/1993,27.77,315.4987692,105.0611316,388.4121697,0.831,274.7770611,885.2844419,1092.322918,,0.468,884.7492613
01/11/1993,32,327.6383877,115.531942,386.0256461,0.96,290.3737557,848.2231786,1159.755685,,0.526,886.6797345
01/10/1993,34.75,339.2256757,127.273942,379.0354461,1.031,282.6928448,779.3562481,1131.23042,,0.56,878.3752508
01/09/1993,33.65,337.717569,124.6913861,382.7878322,0.999,289.201016,755.6716148,1159.185584,,0.574,872.1932356
01/08/1993,34.66,334.9803815,121.6883659,385.0576155,0.978,277.1558326,699.0577951,1112.433958,,0.587,860.8362779
01/07/1993,34.55,339.602116,127.8236168,378.3549027,0.961,272.7900677,684.7638615,1094.807764,,0.606,864.7068818
01/06/1993,36.92,349.7272882,135.0024246,380.5549782,1.013,275.0866378,666.5649911,1105.962533,,0.633,859.2838886
01/05/1993,38.61,362.6777938,139.7572912,395.3061041,1.053,269.6704701,651.5071584,1084.40228,,0.634,856.2820117
01/04/1993,39.34,368.0287377,139.3408267,407.8208011,1.074,258.8399055,641.1488649,1039.617176,,0.666,871.1728738
01/03/1993,39.49,361.9325064,140.1417373,392.68276,1.128,245.9375991,623.392527,987.1465203,,0.664,857.1817053
01/02/1993,39.1,357.056506,137.6378223,389.0528611,1.089,241.6167746,615.7556859,969.4856039,,0.643,847.5769227
01/01/1993,37.27,353.7319916,134.4016786,390.4183695,1.036,242.0926504,615.4523604,971.5169463,,0.659,851.3500344
01/12/1992,38.12,353.68865,134.9225032,388.8760906,1.08,241.5194034,601.068699,970.3785365,,0.613,830.4119739
01/11/1992,39.96,357.9776785,141.5738073,379.6365133,1.111,237.895304,607.6515672,954.5249791,,0.642,809.5348368
01/10/1992,42.67,367.5981264,147.6361051,383.5569593,1.23,244.7359062,577.9289163,984.505358,,0.696,822.4289895
01/09/1992,43.23,367.6232594,148.1723315,382.1191569,1.219,248.244711,578.731453,999.2110938,,0.74,824.2544854
01/08/1992,42.11,369.2444287,149.7498096,381.2330447,1.151,244.0444329,609.9231884,980.2916179,,0.7,820.8983054
01/07/1992,43.12,378.6174663,149.2865614,402.7766132,1.196,244.5210407,605.9869269,982.6461224,,0.678,809.7875185
01/06/1992,44.45,383.665419,155.2089476,397.2060627,1.216,254.6846359,676.6545208,1021.024404,,0.684,824.5198925
01/05/1992,41.89,379.2556145,148.0846014,407.5000593,1.149,246.6992838,683.1258165,987.4155291,,,812.7092684
01/04/1992,40.47,369.0448447,138.6712921,411.6287708,1.123,244.3361309,692.3556231,977.224663,,,813.774559
01/03/1992,37.91,363.6550815,135.1525724,409.7728975,1.05,256.6502093,672.1238663,1029.081516,,,825.3457818
01/02/1992,38.22,366.6478477,135.9602236,413.9930499,1.07,262.4502808,647.6910208,1054.48594,,,836.5916865
01/01/1992,37.98,357.0076646,133.008474,401.3757059,1.041,267.9408432,582.7783966,1080.319399,,,783.9862705
01/12/1991,39.47,384.1738825,152.656578,405.4268355,1.059,250.2831883,524.9581254,1010.408489,,,779.8892858
01/11/1991,45.36,401.5342323,166.7488978,403.7436211,1.3,262.295411,533.8126191,1059.33371,,,782.3966741
01/10/1991,47.12,393.3261526,157.836013,410.7957452,1.349,259.0837134,514.8411602,1047.429169,,,785.3234213
01/09/1991,44.4,391.288448,159.8608346,400.76344,1.249,253.5303762,536.7767386,1024.114851,,,790.936777
01/08/1991,44.23,391.4678906,157.3529242,408.1250179,1.234,255.7048262,529.4236432,1033.87659,,,775.7032557
01/07/1991,43.85,379.4402005,148.4417456,406.9211146,1.181,245.2841925,505.9344534,992.0423818,,,774.0119885
01/06/1991,41.39,395.2489626,154.4749498,424.2958373,1.096,262.1605696,526.5546473,1060.936818,,,774.5355145
01/05/1991,43.67,402.8022467,154.3099775,441.0713168,1.13,257.3233875,491.0743826,1042.446411,,,780.2934573
01/04/1991,42.91,400.1351691,150.4960912,445.9149549,1.158,256.4975639,491.0431908,1039.388152,,,767.3490286
01/03/1991,41.04,394.7593363,147.3910348,442.9364709,1.276,264.804351,474.0179538,1074.596204,,,747.8018725
01/02/1991,42.46,401.9875743,158.3958093,427.9503589,1.46,242.9114064,413.8590165,986.9232024,,,672.8956057
01/01/1991,51.14,455.426533,197.9791748,430.6034371,1.553,235.114957,383.355807,955.5530654,,,680.6449641
01/12/1990,56.57,474.0620163,212.9927877,427.2112926,1.658,232.1052287,372.7346709,943.6043956,,,656.6803442
01/11/1990,67.27,519.3833531,243.0648277,438.5680782,1.818,236.6456935,394.1664979,961.4954931,,,639.664015
01/10/1990,74.98,564.0114745,274.00512,445.6932689,1.966,217.6805824,403.068121,883.2888535,,,658.4065258
01/09/1990,70.75,473.4555924,207.2416665,443.3071079,1.865,245.1804853,466.0844275,995.6952762,,,694.5905398
01/08/1990,57.56,416.7437917,156.2861217,469.6014312,1.595,273.5092893,540.4328408,1110.003865,,,762.3997325
01/07/1990,39.84,393.6088106,134.2597559,484.1018655,1.135,273.8036748,502.5147993,1112.161804,,,770.1850325
01/06/1990,36.17,407.2019716,140.4386632,496.1228598,1.032,277.2603277,488.2733719,1126.504163,,,751.3960833
01/05/1990,39.82,418.3163232,145.177161,506.9308363,1.163,252.8792706,454.3803065,1026.529362,,,729.4328875
01/04/1990,40.17,429.386245,157.643622,494.1189076,1.265,257.2728621,427.7431578,1045.997951,,,731.735907
01/03/1990,44.19,424.2721167,157.6857103,482.4074005,1.256,275.1900751,497.5031211,1117.065134,,,715.5288405
01/02/1990,48.14,432.8843418,166.4972936,475.1704124,1.252,289.3660809,481.7397692,1175.534736,,,740.1684338
01/01/1990,49.52,453.341049,177.1820875,489.1032596,1.555,305.2970336,469.6372653,1241.006083,,,762.5316753
01/12/1989,46.61,424.4232425,153.9324868,494.3572756,1.775,299.1404848,423.517158,1216.650496,,,751.829144
01/11/1989,43.89,420.139286,153.6066062,485.6492291,1.313,288.769671,445.594224,1173.649721,,,768.9604761
01/10/1989,44.6,428.7087744,159.6333354,486.6749844,1.305,299.6213275,441.488831,1219.031026,,,770.5752892
01/09/1989,43.67,410.099947,147.8789866,480.2906876,1.242,292.7215169,394.6055483,1193.113284,,,772.7134637
01/08/1989,41.49,401.5755854,142.1340496,478.4812799,1.114,301.2431947,388.0219901,1228.523828,,,742.3165514
01/07/1989,44.04,423.9955864,153.5069221,494.6783186,1.104,271.5749191,365.7737589,1107.29,,,725.1406526
01/06/1989,44.89,423.3812836,156.7272,483.4417384,1.089,276.5653913,417.8571616,1124.495659,,,704.8869467
01/05/1989,45.09,444.8239963,166.0088737,503.8439311,1.141,284.4613553,414.7278634,1157.451802,,,680.4832452
01/04/1989,47.4,447.3760967,165.37997,511.5515435,1.218,279.5817627,353.1332725,1139.629596,,,662.6200967
01/03/1989,44.3,424.7135191,143.9956335,525.3625796,1.297,283.4841403,324.7500979,1156.358263,,,669.9167049
01/02/1989,40.84,416.2726256,137.6197667,525.6546519,1.176,287.3161147,304.0229383,1172.250665,,,654.0641233
01/01/1989,41.38,424.3656849,140.1842714,536.1928659,1.252,278.9063554,310.3638627,1137.78605,,,636.2838886
01/12/1988,37.65,402.4269842,129.4921738,519.0995887,1.179,278.2368282,304.7168521,1135.056398,,,626.7324449
01/11/1988,32.38,386.8341183,118.5643445,517.2251764,1.04,270.1051452,307.0303254,1100.504728,,,642.6000625
01/10/1988,31.99,376.0042574,112.9765511,509.7614311,0.932,254.1471618,310.0678838,1034.417435,,,621.3413553
01/09/1988,33.64,389.77454,125.0860843,503.8196487,0.944,244.9001168,292.9124497,997.3492123,,,613.4133815
01/08/1988,36.37,396.8209073,134.5704119,490.6614995,1.016,261.32337,304.2488774,1064.309035,,,630.1829812
01/07/1988,36.47,402.7753478,127.8357264,525.0453101,1.004,258.0988756,314.4455641,1050.832816,,,636.6046982
01/06/1988,39.11,420.3523984,144.521023,513.6697334,1.058,259.8773972,306.1187588,1058.568209,,,604.8218959
01/05/1988,41.39,415.0734284,147.9241914,491.1223941,1.207,266.6990859,299.4761545,1086.623861,,,622.8117382
01/04/1988,42.55,407.4241792,141.4394932,493.6557923,1.226,264.6829276,287.1007767,1078.603158,,,632.3166146
01/03/1988,38.78,391.7972574,134.2159764,480.2794735,1.136,258.5110788,262.3623126,1054.137709,,,617.3934436
01/02/1988,40.26,400.3088016,140.0545075,481.7315109,1.156,245.8356819,262.8685655,1002.297516,,,601.7965241
01/01/1988,41.31,395.8069632,139.4330166,473.1091494,1.248,240.8610499,240.8610499,982.6889973,,,580.4751303
01/12/1987,41.68,414.4886388,154.4863682,469.9809497,1.294,,,946.0502747,,,591.6436526
01/11/1987,45.52,420.7914549,165.0236624,452.5516106,1.35,,,971.4547287,,,676.6471488
01/10/1987,48,419.6095499,160.5832527,463.2222598,1.361,,,1173.195528,,,770.287216
01/09/1987,47.3,421.1888379,159.9805142,468.58173,1.267,,,1198.792464,,,798.2256671
01/08/1987,49.28,433.1417945,173.0114145,456.4117473,1.276,,,1139.405787,,,755.3977307
01/07/1987,52.23,430.4298925,166.0773224,471.1234795,1.34,,,1124.59819,,,738.0757219
01/06/1987,49.08,423.2441351,158.6180932,477.306097,1.284,,,1129.878676,,,709.826427
01/05/1987,47.63,419.3202619,153.7282583,483.124307,1.276,,,1133.948629,,,712.8296614
01/04/1987,45.99,407.0849026,155.1489755,451.3516458,1.199,,,1076.50132,,,723.2723927
01/03/1987,45.44,383.7826682,137.8860675,450.6711795,1.221,,,1020.710751,,,698.3064615
01/02/1987,44.27,413.3947192,158.9585724,454.090439,1.184,,,994.1200341,,,660.4826531
01/01/1987,46.79,399.1435602,152.0266573,438.649425,1.306,,,894.2449714,,,623.0117982
01/12/1986,40.58,405.4550068,131.3659595,466.3721186,1.127,,,883.8450065,,,618.1316302
01/11/1986,38.44,404.4844189,128.5113942,467.5495576,1.065,,,850.2149399,,,599.2548743
01/10/1986,37.62,399.8233376,129.3641357,460.065661,0.995,,,867.4839998,,,602.0720466
01/09/1986,37.78,414.6004418,136.9445869,474.5659029,1.017,,,905.9759333,,,619.5615019
01/08/1986,38.38,381.9414028,102.9529593,458.0588822,1.036,,,838.4420352,,,610.1917191
01/07/1986,29.47,387.9834884,115.2879765,455.6768725,0.85,,,834.8580094,,,624.2856656
01/06/1986,34.05,392.1827193,120.2641924,457.2412769,0.967,,,804.1654487,,,606.9797441
01/05/1986,39.05,418.3982036,123.9413194,491.7440484,,,,812.4858082,,,609.0444799
01/04/1986,32.72,410.6753646,109.5741611,493.5522912,,,,794.458216,,,596.1002701
01/03/1986,32.32,417.2971706,142.035232,473.8612744,,,,723.7641879,,,561.9629219
01/02/1986,39.42,443.485309,171.1737539,485.3690977,,,,662.2703748,,,530.836158
01/01/1986,58.43,498.4643162,241.9453848,500.8630677,,,,652.2193519,,,527.0947396
